295416901943828481	RT if you are older than 9 #bigwet #getinvolved	Not labeled	Not related	0	en	QFL	4	2	1	47	9	2
295457192436441088	#qldfloods lmao. Whoever put those things were clever as fuck. Lol. I laughed so hard all over again. http://t.co/LQC0G2Ug	Not labeled	Not related	0	en	QFL	5	3	1	122	22	1
293925403238748161	#QLD  Police: #bigwet Bruce H'Way near Mobil Service Station &amp; Butler St, Tully... http://t.co/pNxFvjoC	Caution and advice	Related and informative	1	en	QFL	12	1	0	107	18	2
297106476630155264	RT @ACPMH: Check out @beyondblue looking after yourself and your family after a disaster booklet http://t.co/zjeViQTr  #bigwet #qldflood ...	Caution and advice	Related and informative	1	en	QFL	10	2	1	140	21	2
295737736831324161	HANDY list of contacts and numbers. Have a look and write down any that you may need. http://t.co/g2j1ItC7 #bigwet #bnefloods	Caution and advice	Related and informative	1	en	QFL	7	6	1	125	23	2
295561328611958784	http://t.co/Wa22BVvy  #bigwet I hate everything of you! The reason why do I accept you?!	Not labeled	Not related	0	en	QFL	4	3	4	88	17	1
296687998337159169	RT @909SeaFM: Mayor Tom Tate to open Community Recovery Centre to help residents affected by #bigwet, at Broadbeach this morning. #news  ...	Donations and volunteering	Related and informative	1	en	QFL	15	3	0	140	21	2
295695969964658688	RT @clubwah: Will people of Queensland remember Abbott didn't want a levy to help pay for the last floods/storms.? What will he pledge i ...	Other Useful Information	Related - but not informative	1	en	QFL	9	8	2	140	26	0
295761644376694784	http://t.co/3pPq3bG1 I'm wondering if this type of works --  #SAGAwards #bigwet	Not labeled	Not related	0	en	QFL	6	3	1	79	14	2
295612754973323264	Telstra phone services cut at Rockhampton, Cairns, Gladstone, Mt Isa, Mareeba, Townsville. 000 coverage is also down in these areas #bigwet	Infrastructure and utilities	Related and informative	1	en	QFL	13	2	0	139	21	1
295704362779549696	RT @alice_r0se: So glad we went to Queensland at the start of the month and not now! Stay safe you beautiful queenslanders ? #qldfloods	Sympathy and support	Related - but not informative	1	en	QFL	8	3	2	138	23	1
295742388343828480	St Rita's College at Clayfield will operate as usual, with school already scheduled to start on Wednesday. #bigwet	Infrastructure and utilities	Related - but not informative	1	en	QFL	8	4	0	114	19	1
295854887948926976	Praying for the people in the Queensland stay safe everyone xxxx &lt;3 #qldfloods :(	Sympathy and support	Related - but not informative	1	en	QFL	7	2	0	84	14	1
296245897732444160	RT @petsarefound: LOST – Two Chickens – Seven Hills, #Brisbane #QLD http://t.co/CkeADppR via @PetsAreFound #qldfloods Pls RT	Not labeled	Not related	0	en	QFL	13	2	0	128	18	3
295751980717051904	Bless all the emergency workers,volunteers exhausted in Brisbane and QLD. I would like my power back... But I've got LOTS of books. #bigwet	Sympathy and support	Related - but not informative	1	en	QFL	10	6	2	139	25	1
295441136632332288	http://t.co/agcVoY1H Lol - He published every thing  #qldfloods	Not labeled	Not related	0	en	QFL	5	1	1	63	10	1
295552516383465472	#bigwet http://t.co/BybPZ2X8 hello this might be me audrey I love your individual music its just about all !!!!	Not labeled	Not related	0	en	QFL	3	4	2	111	20	1
295518999687606272	http://t.co/Oqw8t4qk  #bigwet Can this be for real	Not labeled	Not related	0	en	QFL	2	3	0	50	10	1
296298095862505472	@Ludacris can we plz take a minute to pray for the families affected by the floods in Australia	Sympathy and support	Related - but not informative	1	en	QFL	5	4	1	95	18	0
298311265317707776	Looking forward to joining the insurance industry meeting with Queensland Treasurer tomorrow, to explain the industry response to floods.	Not labeled	Not applicable	0	en	QFL	9	3	0	137	19	0
295661283049623555	Pygmy whales washed up in huge swells http://t.co/gt1wgSn9 @abcnews #bigwet	Other Useful Information	Related and informative	1	en	QFL	7	1	0	75	13	1
295485311054655488	#qldfloods You just need love. http://t.co/rUvGT4Jb	Not labeled	Not related	0	en	QFL	3	1	1	51	9	1
295018027815165952	Yeaa buddy #straya #sausagerolls #triplej #hottest100 #brisbane #bigwet #bbq  #australiaday #nofilter http://t.co/TWrVSIfp	Not labeled	Not related	0	en	QFL	20	1	0	122	15	9
295341916160139264	RT @abcwidebay: Sunshine Coast Airport has been closed today. All flights in and out are cancelled due to strong winds #QLD #bigwet	Infrastructure and utilities	Related and informative	1	en	QFL	11	5	0	131	22	2
295673287172829184	RT @newscomauHQ: Evacuation centres now set up in the Lockyer Valley. Mayor Jones says creek floodwaters higher than in 2011. #bigwet ht ...	Donations and volunteering	Related and informative	1	en	QFL	10	3	0	140	22	1
295874102034591744	#SuryaRay #Surya Australia floods: 'We will get through this,' says Queensland Premier - Telegraph.co.... http://t.co/dZUk1rau @suryaray	Other Useful Information	Related - but not informative	1	en	QFL	8	3	1	136	19	2
295359003763040256	RT @QPSmedia: Bundaberg North residents please evacuate immediately to Civic Centre, N Bundaberg SS or friends &amp; relatives #bigwet	Caution and advice	Related and informative	1	en	QFL	15	1	0	134	19	1
296143556727435264	Hospital patients flee rising floods: Heavy flooding in Australia caused by torrential rains has forced mass eva... http://t.co/lJhGxNLK	Affected individuals	Related and informative	1	en	QFL	7	5	0	136	21	0
295534384386285568	#bigwet http://t.co/bYPxlmjb every one of the i wanna do is in fact accept you, las Vegas Dui Attorney turning it into thus challenging?	Not labeled	Not related	0	en	QFL	7	5	3	136	26	1
295524066411036675	27/23:14 EST Flood Warning - Fitzroy River (QLD) http://t.co/Pcu4VnvJ	Caution and advice	Related and informative	1	en	QFL	7	0	0	69	13	0
295439509229801473	@7NewsBrisbane @billmcdonald1 @SharynGhidella can we please have an update for Caboolture/Morayfield region please? #bigwet #7NewsBrisbane	Other Useful Information	Related and informative	1	en	QFL	7	3	1	138	16	2
296484767535345664	Queensland floods update: a second body has been found today, taking the total death to 6 #tennews	Affected individuals	Related and informative	1	en	QFL	8	4	0	98	17	1
295701913272451073	RT @couriermail: Police are asking people not to sight see in flooded areas and only use the roads if necessary. #bigwet	Caution and advice	Related and informative	1	en	QFL	8	6	0	120	21	1
296965606769565696	RT @612brisbane: Just over 5,000 homes without power, @Energex crews continue work through the night http://t.co/2c705Cb7 #qldfloods #bigwet	Infrastructure and utilities	Related and informative	1	en	QFL	13	1	0	140	22	2
296851005772025856	RT @501Awani: Malaysian farm worker dies in Queensland floods http://t.co/2Fou02QA	Affected individuals	Related and informative	1	en	QFL	6	1	0	82	13	0
295537819529654274	#bigwet bahahah this made me laugh. funny pic! http://t.co/rEje5Syb	Not labeled	Not related	0	en	QFL	3	3	1	67	12	1
295861389124308993	Poser RT @MissKayeSera: TWO sand bags, Tony. That's gonna make a huge difference! #abbottstunts #bigwet #Qld http://t.co/plD1b9Xj	Other Useful Information	Related and informative	1	en	QFL	11	3	0	129	21	3
295982407356674049	Flooding in Queensland now disaster of  'epic proportions'   http://t.co/BBx0N1Tp	Caution and advice	Related and informative	1	en	QFL	4	1	0	81	12	0
295433482040119297	#qldfloods http://t.co/Us06tjFT HAHAHAHA last time I heard that joke I laughed so hard that I dropped my game boy advance -___-	Not labeled	Not related	0	en	QFL	9	3	3	127	24	1
296096295297376257	RT @JT_KYOTE: Floods in beenleigh and eagleby #hometown #bigwet #brisbanefloods http://t.co/L5BuRXWd	Caution and advice	Related and informative	1	en	QFL	9	1	0	100	14	3
295535651091267585	BOM UPDATE: Though the storm is easing as it moves further south in to #NSW, heavy falls still possible over the next 12hrs #qldfloods	Caution and advice	Related and informative	1	en	QFL	8	3	1	134	24	2
297433858851352576	Briefing for North Bundaberg residents ahead of return. #bigwet @abcnews http://t.co/KVrEOavc	Caution and advice	Related and informative	1	en	QFL	8	1	0	93	14	1
295531913958010881	ahahah i cannot breathing!!!!  #Djokovic #bigwet http://t.co/1qnzrLeP	Not labeled	Not related	0	en	QFL	4	3	2	69	10	2
295633797788090368	Basically f'n crazy http://t.co/6GxN3szU  #qldfloods #Djokovic	Not labeled	Not related	0	en	QFL	4	1	0	62	10	2
295982398993207296	RT @autALERT: #bigwet update #moggill #qld Peaking below the minor flood level (10.0m) at about 9.5 metres overnight Monday Jan28.	Caution and advice	Related and informative	1	en	QFL	13	1	0	130	22	3
295651757785231360	http://t.co/aFGZhBjU  #qldfloods Na a task dey do me	Not labeled	Not related	0	en	QFL	6	1	1	52	11	1
296422335341285376	RT @WittyRenee: I would say Queensland's repetitive flood crises are more the direct result of occupying and building in excess on a flo ...	Other Useful Information	Related - but not informative	1	en	QFL	7	5	1	140	24	0
295475429249282048	RT @theantibogan: Retweet this picture if you think this guy's a complete arse-hat #auspol #ausmedia #bigwet #ausopen http://t.co/ckpSRqaW	Not labeled	Not related	0	en	QFL	13	4	1	138	23	4
295482853171535872	have no words. I cannot believe this. My heart is broken. RIP Mitch Lucker.  #bigwet http://t.co/ozu7hJdI	Not labeled	Not related	0	en	QFL	8	5	1	105	19	1
295622418637152256	Heart goes out to those who went under in 2011 &amp; are facing a flood threat again this morning. #qldfloods	Sympathy and support	Related and informative	1	en	QFL	8	4	0	109	20	1
296456997069541376	Great severe thunderstorm warning have just been broadcasted for the flooded areas in SEQ :( They have suffered enough already :( #bigwet	Caution and advice	Related and informative	1	en	QFL	6	6	1	137	20	1
296454698574163969	Asia Top News: Australia Floods Cast Pall Over Wesfarmers Outlook http://t.co/kJDIjlcn (via CNBC Asia)	Other Useful Information	Related and informative	1	en	QFL	12	0	0	102	17	0
298649594626183168	#qldpol #auspol @tennewsqld: Qld's Flood Appeal Committee Desperate Plea To Big Business For Donations: http://t.co/9Jx754v4	Donations and volunteering	Related and informative	1	en	QFL	15	0	0	124	19	2
298435026637451265	Donations to Queensland flood appeal fall short of expectations : http://t.co/GyfDbazQ	Donations and volunteering	Related and informative	1	en	QFL	6	0	0	86	13	0
295797644104695809	Australian state of Queensland hit by deadly flooding - BBC News: BBC NewsAustralian state of Queen... http://t.co/HfLm42Ay #hindusprite	Affected individuals	Related and informative	1	en	QFL	12	1	0	136	20	1
295403673121591296	RT “@atko17: Car v tree Mooloolaba @abcsunshine @ABCNews24 #bigwet http://t.co/btPGBOfM” @couriermail	Infrastructure and utilities	Related and informative	1	en	QFL	10	1	0	105	14	1
295590638420889601	#bigwet http://t.co/v9OBwQ8T I love arm hahaha memories.	Not labeled	Not related	0	en	QFL	4	2	1	56	10	1
295647769027309570	LOL this has been hilarious! http://t.co/r3wkKieb  #bigwet	Not labeled	Not related	0	en	QFL	2	2	0	58	10	1
295357208609316864	Laughing my butt away from http://t.co/xkam57SB  #bigwet	Not labeled	Not related	0	en	QFL	4	1	0	56	10	1
295486367989907456	HAHAHAHA last time I heard that joke I laughed so hard that I dropped my game boy advance -___-  #bigwet http://t.co/4TaJwGXk	Not labeled	Not related	0	en	QFL	9	3	3	125	24	1
295810302497398784	Gotta love being in the Queensland floods. Good on ya Australia	Other Useful Information	Related - but not informative	1	en	QFL	3	3	1	63	11	0
295692270601113602	“@QPSmedia: Rain over SEQ is easing - weather system moving into NSW #bigwet” looks like it heading your way @Suburban_mumof2	Other Useful Information	Related and informative	1	en	QFL	8	6	1	129	19	1
296199684903538689	RT @Cmdr_Hadfield: The flooding and flow into the Coral Sea at Gladstone, Australia - visible from the Space Station. http://t.co/eYgNvRNA	Other Useful Information	Related and informative	1	en	QFL	8	1	0	138	22	0
295531335144062976	Must see this -- made my personal day!  #bigwet http://t.co/p2fHlzHE	Not labeled	Not related	0	en	QFL	4	3	0	68	12	1
295811367854825472	Take care Australia #bigwet #loveaussies	Sympathy and support	Related - but not informative	1	en	QFL	5	2	0	40	5	2
295805185450721281	@sebth drop in the ocean... : ) #bigwet	Not labeled	Not related	0	en	QFL	4	1	0	39	6	1
296544620274401280	RT @BruceGrady: Need info on Emergency Assistance after #bigwet &amp; #qldfloods? Call the Community Recovery Hotline 1800 173349 or che ...	Caution and advice	Related and informative	1	en	QFL	12	3	0	140	20	2
294677202899968001	RT @TripleMBrisbane: Want to know when the #BigWet will affect you? Sign up to Brisbane's Early Warning Alert Service:  http://t.co/FBkx ...	Caution and advice	Related and informative	1	en	QFL	8	6	1	140	24	1
295472455487725568	Djokovic vs Murray #qldfloods http://t.co/eIEnviJ5 Only if sex has been as good as this	Not labeled	Not related	0	en	QFL	5	2	0	87	17	1
295512808899096576	#qldfloods http://t.co/P1fQmG1Y She tried this about her about digital camera	Not labeled	Not related	0	en	QFL	4	1	2	77	13	1
296772316468228097	Australia Flood Waters Begin to Recede  http://t.co/3g0i0tvk  (0:59) @youtubeさんから	Caution and advice	Related and informative	1	en	QFL	5	1	0	89	13	0
295392054870151171	thank you here is your own personal linkup http://t.co/XUkPNALs  #bigwet	Not labeled	Not related	0	en	QFL	3	2	2	72	13	1
295767013081612288	#bigwet http://t.co/EomWTBfQ If perhaps sex was as good as this particular	Not labeled	Not related	0	en	QFL	3	2	0	74	14	1
295354687815839744	follow me on tumblr http://t.co/bciDTSds #tumblr #satan #allah #bigfun #sex #blah #bigwet #australia please RT. #retweet	Not labeled	Not related	0	en	QFL	12	1	1	120	19	9
295426813096775682	Now this  is really f'n ridiculous! http://t.co/eEfLEMFi  #bigwet	Not labeled	Not related	0	en	QFL	2	1	0	65	12	1
295618878644572160	#qldfloods Haha.  How f'n amusing..! http://t.co/1gXkedhN	Not labeled	Not applicable	0	en	QFL	3	1	0	57	10	1
295562419122610177	http://t.co/HZBH5Iju WTF!!! Can this be real?  #bigwet	Not labeled	Not related	0	en	QFL	4	2	0	54	10	1
295425789661433856	http://t.co/t8rAJXo5  #bigwet Rondo I laughed so hard I think I got abs	Not labeled	Not related	0	en	QFL	4	4	3	71	15	1
295411029914046464	Rain coming under closed front door now.  #bigwet #brisbane	Infrastructure and utilities	Related and informative	1	en	QFL	6	1	0	59	9	2
294404577304907776	RT @QLDOnline: Up to 14 luxury yachts &amp; houseboats have been washed ashore in the Whitsundays #qld #tcoswald #bigwet	Other Useful Information	Related and informative	1	en	QFL	12	3	0	120	19	3
295358945046953984	Haha!! - this really is soooo insane!  #bigwet http://t.co/j3Dzfqkg	Not labeled	Not related	0	en	QFL	3	1	0	67	11	1
295713833501200384	#qldfloods http://t.co/rmggPgDq can't attain enough. i love ya' stuff.	Not labeled	Not related	0	en	QFL	3	4	2	70	13	1
298091039175081989	Heartstopping Rescue of Toddler Trapped in Flood in Australia: http://t.co/GvWm3YgN via @youtube	Affected individuals	Related and informative	1	en	QFL	8	0	0	96	15	0
296001357226328065	Child injured in yesterday's tree fall beside Kedron Brook has died. He was 3 years old. #bigwet @abcnews	Affected individuals	Related and informative	1	en	QFL	9	5	1	105	19	1
295475634774347777	THIS MADE ME LAUGH SO HARD OKAY http://t.co/bZ4Cb3lk  #bigwet	Not labeled	Not related	0	en	QFL	5	2	0	61	12	1
295000478855593985	Reports of Road Traffic Crash ▶ Nr Keefton Rd Bruce Hwy Gympie http://t.co/M7tmbxka #bigwet http://t.co/AZkjE1Zs	Infrastructure and utilities	Related and informative	1	en	QFL	13	1	0	114	20	1
295459964883984384	@noosa @noosa_today #noosa #mainbeach #bigwet #excycloneoswald	Not labeled	Not applicable	0	en	QFL	6	0	0	62	6	4
296062300471840768	RT @LaborFAIL: @LaborFAIL @thetodayshow What? Swan already lives there? So why is he suddenly spokesman for #qldfloods ? No Labor Premie ...	Not labeled	Not related	0	en	QFL	7	4	1	140	20	1
296850326324117506	RT @BCIAustralia: Premier Campbell Newman talks of dams, levees in rebuild plan after devastating floods #australia #construction http:/ ...	Caution and advice	Related and informative	1	en	QFL	15	2	0	140	18	2
295751947133263872	http://t.co/lC7OXbrt Usually needed this particular...  #bigwet	Not labeled	Not related	0	en	QFL	3	1	0	63	9	1
295653427122413570	@GarryYoungberry thanks for nothing Garry, next time I will ask Emma Freeman :-) j/k thanks for keeping the info flowing. #bigwet	Not labeled	Not related	0	en	QFL	11	4	1	129	21	1
295772897685929985	RT @7NewsBrisbane: If you are without TV reception, Yahoo!7 is streaming live rolling coverage here: http://t.co/fCQqTNv6 #bigwet #qldfl ...	Other Useful Information	Related and informative	1	en	QFL	7	6	1	140	22	2
293980021461241856	Can we keep him? MT @Henry_B68: You know the#bigwet is here when you find frogs in your home. http://t.co/xDNY12RP	Not labeled	Not related	0	en	QFL	5	5	4	114	23	0
295874710212853760	Friend has lost 40ft catamaran due to Burnett River flood. Lost mooring at Burnett Heads. House about to go under. #bigwet	Infrastructure and utilities	Related and informative	1	en	QFL	10	4	0	122	21	1
295335389848289281	@ednaqonz are you still snowing? because meanwhile in Australia we are having tornadoes and a lot of flooding	Other Useful Information	Related - but not informative	1	en	QFL	4	4	2	109	18	0
295493842260594689	According to the automatic gauge in #Bundaberg the Burnett River has passed the Dec 2010 level of 7.92m.  Now at 8.1m and rising #bigwet	Caution and advice	Related and informative	1	en	QFL	10	4	0	136	26	2
294592310157647875	RT @PeterDoherty7: 20 swift water rescues in Central QLD overnight + more happening NOW. 280 SES jobs in past 24 hours. #bigwet @7NewsBr ...	Affected individuals	Related and informative	1	en	QFL	10	2	0	140	22	1
295717868413276160	3 dead, dozens trapped in Australia floods http://t.co/roDEthIk	Affected individuals	Related and informative	1	en	QFL	2	2	0	63	11	0
295612293578887169	Now this is actually so amazing http://t.co/HMty85aw  #bigwet	Not labeled	Not related	0	en	QFL	3	1	0	61	11	1
295580089746329600	#bigwet Ahhh plus u don't say hello? http://t.co/SxU3pCju	Not labeled	Not related	0	en	QFL	2	3	1	57	12	1
295492743336169472	#qldfloods I cannot believe this bahahahaha http://t.co/dAZAJWnI	Not labeled	Not related	0	en	QFL	3	2	1	64	10	1
295539375612231681	WTF!!! Can this be real? http://t.co/z34nKRN1  #bigwet Nole	Not labeled	Not related	0	en	QFL	4	2	0	59	11	1
296044449518194688	This is an environmental disaster!  Queensland Government Negligent as Mines Release Toxins into Flood Waters   http://t.co/5LnES13u	Other Useful Information	Related and informative	1	en	QFL	9	1	0	132	19	0
295436833263853570	RT @SIartybartfast: You idiot. Qld and nth Australia has been flooding for millennia. NOTHING NEW. @Adam_Stott @TonyAbbottMHR #auspol	Other Useful Information	Related - but not informative	1	en	QFL	11	3	1	133	18	1
295369267216527360	Tune into @NewsTalk4BC 1116 AM or stream online http://t.co/xysjcglx  for rolling coverage on the worsening weather conditions #bigwet	Caution and advice	Related and informative	1	en	QFL	9	3	0	134	21	1
295372937266094081	@noosa @noosa_news @noosa_today @the_daily #bigwet #noosariver #noosa http://t.co/oShHKrBc	Not labeled	Not related	0	en	QFL	7	1	0	90	11	3
295552180822368256	#bigwet http://t.co/zxulsWoG Hahhahaha Wow : Here is the best crap i`ve seen	Not labeled	Not related	0	en	QFL	4	3	0	76	15	1
295612436218793984	Morning. Burnett River at #Bundaberg has passed the 2010 f... http://t.co/mId4boUt #Wide #Bargara #Bigwet #QLD #Australia via @kerrinbinnie	Not labeled	Not related	0	en	QFL	11	2	0	139	21	6
296108811113095169	Ferrari Gold Coast Tim #BelieveAcoustic #qldfloods Help Me!!!	Not labeled	Not related	0	en	QFL	8	1	1	61	8	2
295430676029796352	Hahhhhaha da hell! This this this made me laugh! (':  #bigwet http://t.co/oDrGzEmi	Not labeled	Not related	0	en	QFL	5	2	1	82	14	1
295587371024531456	#bigwet http://t.co/CRZ7IkUQ A person who I make use of to know-glee cast = sex	Not labeled	Not related	0	en	QFL	8	3	1	79	17	1
295513819713765377	Girl, I love how you do me, do me, do me, do me, DO MEEEEEEE http://t.co/xIutCj3C  #qldfloods	Not labeled	Not related	0	en	QFL	5	6	6	93	20	1
295652944806817792	RT @SylviaJeffreys: What a horrible sense of déjà vu. #bigwet	Not labeled	Not related	0	en	QFL	5	0	1	63	11	1
295039045497655296	@ABCFarNorth why do the ABC presenters continually refer to rain fall using inches? How long has Aust. been metric? Catch up time!#bigwet	Not applicable	Related - but not informative	1	en	QFL	6	6	0	137	23	0
295787531604217856	Currently packing up my Bug Out Bag in anticipation. #BigWet	Not labeled	Not related	0	en	QFL	5	1	0	60	10	1
296505118294151168	RT @autALERT: #bigwet #qldfloods #nswfloods Just, so it is; CLEAR MT = #modified_tweet Our network #abnn does # for referencing &amp; se ...	Other Useful Information	Related - but not informative	1	en	QFL	10	7	1	140	20	6
295486472872673281	Provides anybody employed this? http://t.co/69YmvU9S  #qldfloods	Not labeled	Not related	0	en	QFL	4	2	0	64	9	1
295650264621412354	http://t.co/gam0gkUP  #qldfloods Oooh exactly why do I thank you thus? Take me far beyond creativeness!!!	Not labeled	Not related	0	en	QFL	5	3	3	105	18	1
295605591114661888	The way Love! http://t.co/j2DE4juy  #bigwet	Not labeled	Not related	0	en	QFL	5	0	0	43	8	1
296394933965824000	NEWS #SavetheChildren opens Child Friendly Space at #Ipswich evacuation centre, responds to children's needs #qldfloods http://t.co/4CUMscj5	Other Useful Information	Related and informative	1	en	QFL	12	2	0	140	20	3
296102511260102656	#bigwet #qldfloods #bigwet Tim Ferrari He tried this on her on digicam	Not labeled	Not related	0	en	QFL	7	2	2	70	12	3
296464945263030272	#Lismore Airport is now re-opened but all flights today are still diverted to Ballina #bigwet	Infrastructure and utilities	Related and informative	1	en	QFL	8	4	0	93	16	2
296070382912405504	@VirginAustralia are doing a great job despite the petty complaints of some passengers. Have some perspective folks. #qldfloods	Not labeled	Not related	0	en	QFL	7	3	0	127	18	1
296380157403463681	RT @QPSmedia: Severe congestion Cunningham Hwy between Ripley and Amberley: avoid travel if possible #qldtraffic #bigwet	Infrastructure and utilities	Related and informative	1	en	QFL	12	1	0	120	16	2
296107531841966080	My Kitchen Rules #qldfloods #bigwet Queensland #bigwet Ferrari #bigwet  Such assholes! : All I would like can be a nice guy	Not labeled	Not related	0	en	QFL	11	6	1	123	20	4
295777498850004992	RT @nswfire: YOUR LIFE IS IN DANGER #bundaburg #bigwet IF YOU CAN SELF #EVACUATE ** DO SO ** BEFORE NIGHT FALL ** IF YOU CAN'T PLACE WHI ...	Caution and advice	Related and informative	1	en	QFL	12	6	2	140	25	3
295578814669541378	Is this the actual most reliable?? http://t.co/rFCoIrfz  #bigwet Leeds	Not labeled	Not related	0	en	QFL	3	1	0	70	12	1
295449806279696385	History repeating itself? Source: Wikipedia the flood occurred on Sunday, 27 January 1974, during the Australia Day weekend. #TheBigWet	Other Useful Information	Related and informative	1	en	QFL	11	2	1	135	19	1
296017710838591488	RT @QPSmedia Do NOT remove road closed signs. Even if the water has subsided, it still needs to be inspected for your safety. #bigwet	Caution and advice	Related and informative	1	en	QFL	8	7	1	133	24	1
295543997752016897	#bigwet Haha!! xd Truly Humorous ! http://t.co/mPHV3xLP	Not labeled	Not related	0	en	QFL	4	1	0	55	9	1
295691196850913280	RT @Simon_C_Ward: Eagle St pier has gone under again. Restaurants inundated. @9NewsBrisbane #bigwet http://t.co/N0MLvSLN	Affected individuals	Related and informative	1	en	QFL	9	3	0	120	17	1
295778136367431680	Now this is sooooo amazing  #bigwet QLD http://t.co/vFVgY56p	Not labeled	Not related	0	en	QFL	4	1	0	60	11	1
295365144249245697	RT @B105Brisbane: BREAKING NEWS: A tornado has just hit Mooloolaba on the Sunshine Coast. More to come. #BigWet #QldFloods #Newsfeed	Caution and advice	Related and informative	1	en	QFL	11	4	0	132	20	3
295766312624459777	Anybody know how to repair this kind of?  #bigwet http://t.co/8Anm5GFi	Not labeled	Not related	0	en	QFL	4	3	0	70	13	1
295716698194067457	My chocolate is melting cause I have no power #bigwet	Infrastructure and utilities	Related - but not informative	1	en	QFL	4	3	1	53	10	1
296147218333831168	RT @dawn_com: Military called in as deadly floods batter Australia http://t.co/8NTphp0Y	Caution and advice	Related and informative	1	en	QFL	7	1	0	87	14	0
295641645318283265	http://t.co/1QDFLCAK sex following a blunt is amongst the very best sex in the entire world  #Qldfloods	Not labeled	Not related	0	en	QFL	5	2	0	103	19	1
295432802567081985	Massive flooding ahead for Queensland &amp; parts of The UK.	Caution and advice	Related - but not informative	1	en	QFL	5	0	0	60	10	0
296215249978286080	RT @BUSINESSricardo: SBS NEWS 1030 || Stefan Armbruster in Bundaberg &amp; @Kathy_Novak in Brisbane on #bigwet latest | Arrests of Brazi ...	Not labeled	Not related	0	en	QFL	14	1	0	140	19	1
294213803581796352	It isn't over just yet: http://t.co/dKdwavUJ #FNQ #BigWet	Not labeled	Not related	0	en	QFL	3	2	1	57	12	2
293071229055799297	VIDEO - A world of contrasts. We freeze whilst Australia swelters &amp; is threatened by flash floods: http://t.co/JPSx1mLv #weather #geography	Affected individuals	Related - but not informative	1	en	QFL	14	3	1	143	22	2
295485281698717696	http://t.co/ytABCQ4w I dispise the woman's so much with this.  #bigwet #WLeagueGF	Not labeled	Not related	0	en	QFL	6	2	1	81	15	2
296239358808309760	#in Massive Floods Hit Queensland, New So. Wales; 4 Dead, Thousands Evacuated: Massive summer floods killed four... http://t.co/i34AfBaQ	Affected individuals	Related and informative	1	en	QFL	11	2	0	136	21	1
297693561779003392	@bendorries the other 2 3rds are probably looking for dry ground #QLDFLOODS # donate #toughtimes	Other Useful Information	Related - but not informative	1	en	QFL	4	4	0	96	14	3
297575114638229506	@medicalanstee: Have a great night! Stay warm and dry #swedishhousemafia #sydney #bigwet	Not labeled	Not related	0	en	QFL	7	2	0	88	12	3
294960435843719169	RT @OKCStormWatcher: Emergency flood alerts issued for towns in Queensland, Australia; residents urged to get to higher ground - @SBSNew ...	Caution and advice	Related and informative	1	en	QFL	11	3	0	140	19	0
295674570625667072	Awful cracking sounds during the night ... two more trees down this morning #bigwet #qldflooding a bit brighter but wind still vicious	Affected individuals	Related and informative	1	en	QFL	9	1	0	134	21	2
295491552187404288	RT @That1972Bloke: be prepared #BNE the winds are coming! It's blowing a #gale at #Maroochydore. #staysafe #bigwet	Caution and advice	Related and informative	1	en	QFL	9	7	1	114	18	5
295889973318664193	RT @jevoislafemme: .@daveyk317 @richoconnor @TenLateNews @firstdogonmoon Good grief. I bet Queenslanders are missing Anna Bligh now. #bigwet	Not labeled	Not applicable	0	en	QFL	11	3	1	140	17	1
295752999916150784	No power? Save mobile phone battery: turn off background apps http://t.co/IUyKqkg8  #bigwet #qldfloods #nswfloods	Other Useful Information	Related and informative	1	en	QFL	10	3	0	113	17	3
295176136319713281	@robkiddaus the upside to an all nighter is no 4am alarm clock! #bigwet #zinccq #Gladstone #allnightlong	Not labeled	Not related	0	en	QFL	11	3	0	104	16	4
294873852838825984	No Evey. Australia is being 'attacked' by floods, not slugs.	Not labeled	Not related	0	en	QFL	4	3	0	60	10	0
295440272597344259	This is what's been happening at home RT @the_daily: Latest Sunshine Coast wild weather photos: http://t.co/98efeGKF #bigwet	Other Useful Information	Related and informative	1	en	QFL	11	4	0	124	21	1
295052341411999745	Sheer genius, satire on the flood of patriotic nonsense put out for Australia Day.  Watch and laugh! http://t.co/XbhZLpd8	Not labeled	Not related	0	en	QFL	7	2	0	121	21	0
295669860418076672	I arrived home in Darwin yesterday after driving 4 days from Sydney via Brisbane. Good timing I must say. #bigwet	Not labeled	Not related	0	en	QFL	8	4	2	113	20	1
295494077133238272	Overheard: yesterday in australia: fuck we are burning to the ground today in australia: cool flooding and... http://t.co/sY3hZYdb	Not applicable	Related and informative	1	en	QFL	9	2	1	130	21	0
295586054050807808	http://t.co/jhrviKtK I love you &amp;lt;3  #bigwet	Not labeled	Not related	0	en	QFL	2	3	2	50	11	1
296109662535827456	Simply f'n amazing  #Auspol Ferrari Ferrari Queensland #qldfloods #qldfloods	Not labeled	Not related	0	en	QFL	8	1	0	76	10	3
295474997231751168	RT @TransLinkSEQ: Reminder to avoid travel unless absolutely necessary. Extensive delays on all modes across SEQ due to bad weather #bigwet	Caution and advice	Related and informative	1	en	QFL	10	1	0	139	21	1
296314533323083776	Climate Change Blamed for Australia's Recent Extreme Heat and Flooding http://t.co/E1LW2NPP	Other Useful Information	Related and informative	1	en	QFL	9	0	0	91	15	0
295785258312404992	Awesome use of words @loftea #stoicism @9NewsBrisbane #bigwet #peopleofbrisbane	Not labeled	Not related	0	en	QFL	6	2	0	79	9	3
295707424596299776	RT @jsthirtyfive: QLD police couldnt resist havin a hell time @9NewsGoldCoast @9NewsBrisbane @karlstefanovic #bigwet http://t.co/vo9nTZhj	Other Useful Information	Related and informative	1	en	QFL	11	3	0	137	18	1
296450894361423872	RT @brisbaneroar: Show your support and get your tickets here: http://t.co/sViBnGJ0 #GoRoar #aleague #qldfloods #bigwet	Not labeled	Not related	0	en	QFL	11	2	0	119	18	4
295632623370391552	This is why I love may have a great.  #bigwet http://t.co/XvScWadw	Not labeled	Not applicable	0	en	QFL	3	4	1	66	14	1
295512070684831744	#qldfloods http://t.co/SSEY9g7E why didnt u say wassup? ...anyways hello	Not labeled	Not related	0	en	QFL	2	3	0	72	12	1
295867034665893889	who came up with the hashtag #bigwet for this year’s flood?	Not applicable	Related - but not informative	1	en	QFL	5	1	0	61	12	1
295020598957051904	Disaster declared in #bundaberg region after damage from #minitornado #bigwet	Other Useful Information	Related and informative	1	en	QFL	8	1	0	77	10	3
296432594621431808	What seems like a common occurence now: Heavy flooding hits Australia http://t.co/F1jC4cVP	Other Useful Information	Related and informative	1	en	QFL	5	2	0	90	15	0
295703184154959873	Queensland Floods – Optus Network Update - 6AM (SingTel - Singapore Telecommunications Limited): ... http://t.co/M8EIsUYu #Science #News	Caution and advice	Related and informative	1	en	QFL	14	1	0	138	16	2
296754062857228288	RT @Kathy_Novak: Starting to see boats travelling upstream on the Brisbane river again #bigwet http://t.co/kd8xFbaS	Infrastructure and utilities	Related and informative	1	en	QFL	7	3	0	115	18	1
295593918333063168	#bigwet http://t.co/lDAdXYFh LMFAOOOOO SOOO FUCKIN FUNNY	Not labeled	Not related	0	cy	QFL	0	0	0	56	9	1
295521793106657280	http://t.co/3f1L4L9u Offers anyone attempted this particular?  #bigwet Nole	Not labeled	Not related	0	en	QFL	5	2	0	75	11	1
295491501822197760	http://t.co/uwJfTLgB Launch me personally from your pain. lol. How insane  #bigwet	Not labeled	Not related	0	en	QFL	3	2	1	82	14	1
295439236629401600	RT @ascottgr: #bigwet   Climate change my arse.	Not labeled	Not related	0	en	QFL	6	1	0	47	7	1
295699577074483201	RT @girlclumsy: Superb work by the @brisbanetimes team today on #bigwet ( @marissa_sc @bkjabour @CameronAtfield ). Live feed here: http: ...	Other Useful Information	Related and informative	1	en	QFL	11	1	0	140	18	1
296097553617936384	Thousands Evacuated as Flooding Hits Eastern Australia - Bloomberg: Sydney Morning HeraldThousands Evacuated as ... http://t.co/U0L4gn5K	Caution and advice	Related and informative	1	en	QFL	9	2	0	136	17	0
295408752415350785	Now that #bigwet is trending topic, spammers are using hash tag, be careful on the links you click with #bigwet hashtag.	Not labeled	Not related	0	en	QFL	8	6	1	120	21	2
295819177632092161	@realIanHealy @mjslats spare a thought for those of us in the #bigwet Qld who can't even watch this T20 live. Delayed coverage from @wwos9	Affected individuals	Related and informative	1	en	QFL	8	5	1	138	25	1
295692828418396160	So that guy with the beard building a boat and wanted two of everything? Should've taken up his offer. #bigwet	Not labeled	Not related	0	en	QFL	7	5	0	110	21	1
295428306277376001	Fine, now i am jealous!  #qldfloods http://t.co/SbgYKUKw	Not labeled	Not related	0	en	QFL	3	1	1	56	10	1
296105627615363073	Can't feel I discovered this kind of  #qldfloods #BelieveAcoustic #bigwet Gold Coast	Not labeled	Not related	0	en	QFL	6	3	1	84	13	3
295389223723339777	This is some serious shit!! :-/ #BigWet http://t.co/zufdLGUa	Not labeled	Not applicable	0	en	QFL	3	1	0	60	10	1
297836172305125376	@Queensland came to visit friends &amp; consider moving here. Floods, loss of food &amp; $, stranded in 1 room with 2 small kids, NO support	Affected individuals	Related - but not informative	1	en	QFL	9	6	0	140	24	0
295480521130131457	ALERT @Telstra on #fb: cable washout in #kingaroy area impacting landline, broadband &amp; mobile services across CQ &amp; NQ @cbemergency #bigwet	Infrastructure and utilities	Related and informative	1	en	QFL	15	2	0	146	21	3
297499361296932866	RT @PMOnAir: PM says Roxon wanted out 1yr ago but waited till the time is right. So, #QLDFloods is the best time to change Min for Emerg ...	Not applicable	Related and informative	1	en	QFL	11	6	0	140	27	1
295139872346345473	RT @joshbavas: This new satellite image shows the sheer size of the system moving across Queensland right now. #bigwet http://t.co/mOgO8dw4	Other Useful Information	Related and informative	1	en	QFL	10	2	0	139	23	1
296353385182003200	Il cry soo much il flood the rest of australia	Not labeled	Not related	0	en	QFL	5	2	0	46	10	0
295649727750488064	My poor pool is full of muddy water again! ?#bigwet#frustrated http://t.co/QQlZMJfN	Affected individuals	Related and informative	1	en	QFL	3	1	0	86	15	0
295506261590564865	http://t.co/NDshel6e Im about too show you precisely what you've been missing  #bigwet	Not labeled	Not related	0	en	QFL	4	5	3	86	16	1
295654739939577857	@NewsTalk4BC mayor of Scenic Rim trapped at Moogerah Dam by flood waters #bigwet http://t.co/NH5kSlmc	Affected individuals	Related and informative	1	en	QFL	10	1	0	101	17	1
295470098288869377	http://t.co/JwR0QIrv  #bigwet Now this takes me back in time	Not labeled	Not related	0	en	QFL	3	2	1	60	12	1
296232278848311296	RT @QPublicServant: Amidst the awful flooding of the last week in Qld, there r moments to raise a smile &amp; this is one http://t.co/To ...	Sympathy and support	Related and informative	1	en	QFL	9	3	0	140	27	0
295473155940704256	Now this is really damn cute  #qldfloods http://t.co/uI8Zu3FN	Not labeled	Not related	0	en	QFL	2	2	0	61	11	1
295476821787545601	Howling wind outside, howling kids inside! Can't win! #bigwet #qldweather	Not applicable	Related - but not informative	1	en	QFL	5	5	0	73	11	2
296189526282485761	Annual Magazine Subscription Discounted to support QLD flood disaster appeal - don't miss out on making a difference http://t.co/JcCm6Z43	Donations and volunteering	Related and informative	1	en	QFL	9	5	0	137	22	0
296196040065949696	RT @Cmdr_Hadfield: Flooding in Maryborough, Australia - visible as we flew over Tuesday morning, 29 Jan. http://t.co/Vs2oGCKd	Infrastructure and utilities	Related and informative	1	en	QFL	9	1	1	125	19	0
295578995003641857	http://t.co/zGIMEY1B  #bigwet Just about all I take into consideration $ plus sex .. NBS	Not labeled	Not related	0	en	QFL	4	2	1	88	15	1
295766736265949184	http://t.co/psVIuVM9 looks like my mo on sex  #bigwet	Not labeled	Not related	0	en	QFL	5	1	0	53	11	1
296526404412137472	RT @nswfire: ** #BIGWET TEARS IN MY EYES ** #BUNGABERG RESIDENTS CELEBRATE AS THE #AUSTRALIAN ARMY CLEAR WAY IN TOWN I am Australian htt ...	Sympathy and support	Related and informative	1	en	QFL	11	3	1	140	22	3
296494401851621376	Has work been affected by Queensland &amp; NSW floods? Read ‘Natural Disasters’ info for workplaces http://t.co/btiskJZb via @fairwork_gov_au	Other Useful Information	Related and informative	1	en	QFL	8	4	0	145	21	0
296057766416613377	RT @QldCountryMusic: This is why they say 'If it's flooded, forget it'. You never know what damage will be revealed. #bigwet http://t.co ...	Caution and advice	Related - but not informative	1	en	QFL	6	9	4	140	25	1
295630605939535872	RT @WOJgoldcoast: John Muntz Causeway Upper Coomera #bigwet 6.00am this morning @abcgoldcoast http://t.co/lKh7Pwjp	Not labeled	Not related	0	en	QFL	11	1	0	114	17	1
295605087798185986	@DonnieWahlberg Queensland is experiencing some really bad floods, really feelin what you guys went thru in NY now #loveeternal	Sympathy and support	Related - but not informative	1	en	QFL	5	3	1	127	19	1
296474118231044097	RT @theqldpremier: Warwick - About 20 businesses were inundated. The area is now in clean up mode. - PT #bigwet	Infrastructure and utilities	Related and informative	1	en	QFL	9	3	0	111	18	1
295420014138376194	#oomf #bigwet #follow http://t.co/FLTZe8Yo Now this is sooooo amazing	Not labeled	Not related	0	en	QFL	5	2	0	69	12	3
295721257406697472	#forex #updates Australia: Queensland floods … again: There is flooding in Queensland again – an... http://t.co/VC0Xqsck #teamfollowback	Other Useful Information	Related and informative	1	en	QFL	7	4	0	140	18	3
295490268705193985	A person have to see this.  Can't cease laughing. http://t.co/12K5LKnj  #qldfloods	Not labeled	Not related	0	en	QFL	3	6	0	82	15	1
295350711628230657	Made the right decision to leave. Heaps of fallen trees and a downed powerline made for the worst driving conditions I've been in #qldfloods	Infrastructure and utilities	Related - but not informative	1	en	QFL	8	6	1	140	25	1
295482035282251776	#bigwet http://t.co/prj3is5Y Wow! : My partner and i love this kind of	Not labeled	Not related	0	en	QFL	4	2	1	70	14	1
295503757607858177	Everything is going to be ok, Karl Stefanovic will be reporting on the floods from Brisbane #bigwet #calminginfluence #logie	Caution and advice	Related - but not informative	1	en	QFL	10	7	0	124	19	3
295762365788585984	http://t.co/f9pQwht9 This made me cry a little because it's sadly true..  #bigwet	Not labeled	Not related	0	en	QFL	2	3	2	81	16	1
295359033144127488	Did You Check This Out Yet? Jessica screaming about old fight again!!! http://t.co/UHRQlrXL  #bigwet	Not labeled	Not related	0	en	QFL	4	3	2	100	17	1
295498992882688000	#bigwet http://t.co/1nzP7TWa I'm another over here. Solution to use it?	Not labeled	Not related	0	en	QFL	3	3	2	71	14	1
296429142700871680	Have I got this right, people of QLD want the Govt to step in and help. Have they forgotten Tony Abbott opposed the last QLD Flood Levy	Donations and volunteering	Related and informative	1	en	QFL	9	8	2	135	27	0
296102104420995072	Whoa. This is crazy! http://t.co/UFwzJYx6  Brisbane River #bigwet #auspol #bigwet Queensland Gold Coast	Not labeled	Not related	0	en	QFL	9	3	0	103	16	3
295715838370136064	RT @MolksTVTalk: Eerily feeling very similar to two years ago. #bigwet	Not labeled	Not related	0	en	QFL	5	1	0	70	11	1
295496711151968256	http://t.co/xNSX95xL  #bigwet #WLeagueGF Now this is really darn sexy	Not labeled	Not related	0	en	QFL	4	2	0	69	12	2
295506567770562561	Latest news: Qld cities brace for floods - again - Herald Sun http://t.co/3i9LzBCG	Other Useful Information	Related and informative	1	en	QFL	8	0	0	82	14	0
295461315428900864	This made me cry a little because it's sadly true.. http://t.co/TjX8s6Si  #qldfloods	Not labeled	Not related	0	en	QFL	3	3	2	84	16	1
296566191558905856	DTN Taiwan: Taiwanese man on working holiday in Australia dies in flood: Taipei, Jan. 30 (CNA) A Taiwanese man o... http://t.co/bpXzC77n	Affected individuals	Related and informative	1	en	QFL	11	2	0	136	24	0
295271951000301569	RT @brucemills: Live alerts from Qld Gov on current emergency available at http://t.co/MCAP1pQF #bigwet #qldflood #tornado	Caution and advice	Related and informative	1	en	QFL	12	1	0	122	19	3
296198443385376768	It appears I was optimistic grabbing a basket at Woolworths, not much left other than donuts and frozen pies #bigwet #Rocky	Not labeled	Not related	0	en	QFL	6	5	2	123	21	2
296349635470053376	RT @nzherald: The latest updates on Australia's floods: http://t.co/0b79YcEo	Caution and advice	Related and informative	1	en	QFL	6	0	0	76	13	0
295492068086788096	#bigwet #Djokovic http://t.co/MKlUmgiA Wtf!!! -- We love this kind of	Not labeled	Not applicable	0	en	QFL	6	2	1	69	12	2
296149839811575808	RT @7NewsBrisbane: Careful on the roads around Burnett Highway; viewer Jackie Bolsover took this shot on the way to Biloela. #qldfloods  ...	Caution and advice	Related and informative	1	en	QFL	12	1	0	140	21	1
296094542103449602	Luckily my mother didn't allow me to study in Queensland or else I could have been stuck in the flood ?	Other Useful Information	Related - but not informative	1	en	QFL	3	8	2	106	21	0
295473889948102656	Just come in and explore what I make :) http://t.co/RRLWhiad  #qldfloods	Not labeled	Not related	0	en	QFL	3	4	1	72	13	1
296090280657047552	Delivered some #bakedrelief to #daisyhill #ses so great to see the smiles on their faces &lt;3 #bigwet #qldfloods	Donations and volunteering	Related - but not informative	1	en	QFL	10	3	0	113	19	5
295783588954251264	@kilkenny_d such a fuck head #bigwet	Not labeled	Not related	0	en	QFL	4	0	0	36	6	1
295073547825577985	Tonight in 7 News: Bundaberg a disaster zone as a string of tornadoes rip through the area  #bigwet	Other Useful Information	Related and informative	1	en	QFL	10	1	0	99	18	1
295789679092056064	Seeing all these people affected by the floods is very sad. Thoughts r with them. #bigwet #qldfloods	Sympathy and support	Related - but not informative	1	en	QFL	6	5	1	100	17	2
295710331278336001	RT @Can_do_Campbell: At least Qlders never lose their sense of humour. #bigwet http://t.co/GldWU9dI	Not labeled	Not related	0	en	QFL	7	1	0	99	16	1
295426657886552064	RT @QPSmedia Major flooding occurring in Lockyer Valley. Evacuations underway #bigwet	Caution and advice	Related and informative	1	en	QFL	8	1	0	85	11	1
295843181650665472	RT @cycloneupdate: Severe Weather Warning 9:12pm EDT for New South Wales: http://t.co/yi1Nfwmu #bigwet #nsw	Caution and advice	Related and informative	1	en	QFL	13	0	0	107	18	2
295524661989634048	http://t.co/ROJv6csQ  #bigwet Just what tune is that this?	Not labeled	Not related	0	en	QFL	2	2	1	58	11	1
296106462298648577	Rescuers battle Australia floods: Australia is battling flooding in two states, with the inundated Queensland ci... http://t.co/LO01fNHx	Donations and volunteering	Related and informative	1	en	QFL	8	3	0	136	20	0
295485617213677568	That is why I love may have a great. http://t.co/2J2ovf4f  #bigwet	Not labeled	Not related	0	en	QFL	2	5	1	66	14	1
295748381991649280	RT @Mamamia: If you would like to donate to the Red Cross QLD Floods Appeal, to help families and communities, consider calling 1800 811 ...	Donations and volunteering	Related and informative	1	en	QFL	9	6	1	140	24	0
295762512589238272	Only in Australia do u find a woman outside in the middle of a flood cutting her hedge that is completely underwater	Other Useful Information	Related - but not informative	1	en	QFL	5	4	0	116	22	0
296453754885140480	RT @australian: Man's body found in Lockyer Valley: THE death toll in Queensland's flood disaster is set to rise with police rep... http ...	Affected individuals	Related and informative	1	en	QFL	13	5	0	140	25	0
295655759155449857	#bigwet #bnestorm hoping everyone in QLD and BNE stays safe during the floods. Thoughts are with friends there	Sympathy and support	Related - but not informative	1	en	QFL	9	4	0	110	18	2
295635609748381696	AU-blog: Devastating floods strike Queensland, disaster declared: People look at a boat that has been washed up onto… http://t.co/yTy1up6O	Caution and advice	Related and informative	1	en	QFL	8	5	0	140	23	0
297235099165016064	RT @MrDanielAmos: To everyone in Queensland right now going through the floods and cyclones,I hope you're all okay and stay safe.My hear ...	Sympathy and support	Related - but not informative	1	en	QFL	7	4	2	140	25	0
297020577322004481	Australia has always had bushfires and bad flooding since i can remember. No one mentioned climate change. 50 years of experience.	Not labeled	Not related	0	en	QFL	8	5	1	130	21	0
295613874839900161	#bigwet http://t.co/xGMrna7v Omfg - No Way!!! : Lord I enjoy that when this occurs	Not labeled	Not related	0	en	QFL	5	3	1	82	15	1
295074235691442176	RT @abcwidebay: You'll find a gallery of photos from across the Wide Bay here #Bargara #bigwet http://t.co/7VGjyENc @abcnews	Other Useful Information	Related and informative	1	en	QFL	10	3	1	124	22	2
293965794398859265	23/16:03 EST Flood Warning - Coastal Rivers - North (QLD) http://t.co/ca0eFXz0 #BIGWET #QLD UPDATED ITEM http://t.co/jlvcwuUY	Caution and advice	Related and informative	1	en	QFL	10	2	0	125	22	2
295746993689604098	#bigwet The Rock http://t.co/tX32czOY Haha! . This makes me laugh	Not labeled	Not related	0	en	QFL	4	3	1	65	12	1
295686591479947264	Is the big brother house okay? #QldFloods	Other Useful Information	Related - but not informative	1	en	QFL	3	1	0	41	7	1
295821224456617984	RT @cycloneupdate: MT @Taytayluvnicki: normanby bridge, Gympie has disappeared under flood water!! http://t.co/vGRHzXXR #bigwet	Other Useful Information	Related and informative	1	en	QFL	9	3	0	127	17	1
295487454323023872	http://t.co/9IaeXgw4 oh lord I laughed so hard when I read this!  #qldfloods	Not labeled	Not related	0	en	QFL	4	2	2	76	15	1
295129688593006592	RT @QldSES: Help us update our #bigwet Google map. Send your flood and weather photos to us as a private message or tweet to... http://t ...	Other Useful Information	Related and informative	1	en	QFL	11	4	2	140	26	1
296489813308235776	Hey guys, emergency Visa prepaid cards available 2 AAMI customers impacted by #bigwet. Contact us @ 13 22 44 if u need assistance #qldfloods	Caution and advice	Related and informative	1	en	QFL	10	4	1	140	23	2
295413793951989760	#bigwet http://t.co/b9ydCeb9 oh lord I laughed so hard when I read this!	Not labeled	Not related	0	en	QFL	2	3	2	72	15	1
296099508134215680	Burning fossil fuels kills people RT @billmckibben On the heels of the record heat, 4 dead in Queensland's epic floods. http://t.co/1DhVRrqJ	Affected individuals	Related and informative	1	en	QFL	9	2	0	140	25	0
295812244439171072	Channel 9 Qld have a reporter covering the floods called @joeldry. How insensitive. #bigwet #qldfloods #laughteristhebestmedicine	Not applicable	Related - but not informative	1	en	QFL	7	4	0	129	16	3
296140272579014656	Hospital evacuated as Australia hit by heavy flooding:        http://t.co/C5yU5Fg8	Infrastructure and utilities	Related and informative	1	en	QFL	4	2	0	82	12	0
295437286244487168	#qldfloods This made me laugh hahah! MY FIVE HUSBANDS :') http://t.co/CA3ADLbQ	Not labeled	Not related	0	en	QFL	5	2	1	78	13	1
295844821615116288	RT @sunriseon7: Qld Health confirms every patient from #Bundaberg Hospital will be airlifted to Brisbane #sun7 #bigwet #qldfloods http:/ ...	Affected individuals	Related and informative	1	en	QFL	11	6	0	140	19	4
295847053005844481	@Captain_DMan Yeah small positive in the face of it. How's it going down there? #bigwet	Not labeled	Not related	0	en	QFL	3	2	2	87	16	1
295471880880664578	RT @612brisbane: IPSWICH: Flood prediction maps now online &amp; available at: http://t.co/soiyBOS5 #bigwet #qldfloods http://t.co/jDlHJVsf	Caution and advice	Related and informative	1	en	QFL	11	1	0	139	21	2
295430696997105664	#bigwet silly girl didn't tag me ;) but this made me cry i love and miss you SO MUCH33 http://t.co/RhFSb16K	Not labeled	Not related	0	en	QFL	3	7	4	107	23	1
296098635744178176	Photos: Flood water rises in Australia http://t.co/pKAeJVsh #news	Other Useful Information	Related and informative	1	en	QFL	7	1	0	65	11	1
297231802454646784	01/16:16 EST Flood Warning Summary (QLD)  http://t.co/sh6RhBl8	Caution and advice	Related and informative	1	en	QFL	6	0	0	62	12	0
295363516842516480	RT @_JohnTaylor_: Fools are kayaking down Kedron Brook. @abcnews @612brisbane #bigwet http://t.co/9TPews8h	Affected individuals	Related and informative	1	en	QFL	9	3	0	106	15	1
295522829099745281	#bigwet awwe! This made me cry! Love you and thankful for you! http://t.co/46tgJgFC	Not labeled	Not related	0	en	QFL	3	3	3	83	16	1
295476096147804160	http://t.co/3jSolYmo  #bigwet ok this made me cry my belly hurts now loooooooool	Not labeled	Not related	0	en	QFL	5	3	1	80	15	1
295433343636480000	Gotta love having a relapse of the stomach flu.. I cannot believe this week. I'm done.  #qldfloods http://t.co/rbgohhQO	Not labeled	Not related	0	en	QFL	6	7	2	119	22	1
295428713120690176	250 businesses will be impacted in Brisbane #bigwet #qldfloods #qld #QldFlooding	Infrastructure and utilities	Related and informative	1	en	QFL	7	4	0	80	11	4
295494119101435905	#qldfloods International love ? http://t.co/9CfxynMN	Not labeled	Not related	0	en	QFL	3	0	0	52	7	1
295850379076313089	Australian Emergency Services Tackle Queensland Flooding #fire  http://t.co/iJlJGct4	Donations and volunteering	Related and informative	1	en	QFL	8	0	0	84	11	1
295530248802541568	#bigwet I love attention given that I never actually got it http://t.co/9ngfBYwR	Not labeled	Not related	0	en	QFL	3	4	3	80	15	1
295634808619560960	#bigwet http://t.co/BwY83OzT Let me know this can be a laugh!!!	Not labeled	Not related	0	en	QFL	3	5	1	63	13	1
295531142185103361	http://t.co/ZcG5oAZs LMFAOOOOO SOOO FUCKIN FUNNY  #bigwet	Not labeled	Not related	0	cy	QFL	0	0	0	57	9	1
295620464091480064	http://t.co/9tGSKht8 Damn! this is funny  #bigwet	Not labeled	Not related	0	en	QFL	3	1	0	49	9	1
295880330596990976	RT @gardencatlady: Australia floods:Entire towns lie submerged under 4 FEET of sea foam along east coast (Photos) http://t.co/J8RvZAtV v ...	Other Useful Information	Related and informative	1	en	QFL	11	2	0	140	23	0
295785761616310272	@abcwidebay THANK YOU for this update. Worried sick about elderly relatives #bigwet #bundaberg	Sympathy and support	Related - but not informative	1	en	QFL	5	2	1	94	13	2
295716152963899392	RT @NthsideChron: This damage on Rode Rd #bigwet http://t.co/SpDDzyc1	Infrastructure and utilities	Related and informative	1	en	QFL	6	1	0	69	12	1
295547676148240385	http://t.co/tm3cA1mp  #bigwet Omg! - this is the reason I personally don't like women	Not labeled	Not related	0	en	QFL	5	3	1	85	16	1
296618813317844994	Planning for floods and fires: disasters are not natural anymore http://t.co/XQu73kGx #climate #australia #flooding #wildfire	Not labeled	Not related	0	en	QFL	11	3	0	125	18	4
296742583026216960	BHP donates $1million to QLD flood appeal http://t.co/zWexOBe6	Donations and volunteering	Related and informative	1	en	QFL	4	2	0	62	11	0
296022764962336769	Traffic lights out on Bundall Rd and Bermuda. Take care. #bigwet #goldcoast @612brisbane @abcgoldcoast	Infrastructure and utilities	Related and informative	1	en	QFL	10	2	0	102	14	2
296472562144276480	2 DAYS LEFT! Make sure your Y Natural Purchase Supports the Queensland Flood Appeal 2013... Here at Y Natural... http://t.co/1CeBQ3Vs	Not labeled	Not applicable	0	en	QFL	10	3	0	133	23	0
295449751720169472	Haha : He published every thing http://t.co/WJ1wI1QU  #bigwet	Not labeled	Not related	0	en	QFL	5	1	1	61	10	1
295347045798146048	RT @ValeriaCheglov: Definitely not a white shirt day #bigwet	Not labeled	Not related	0	en	QFL	5	0	0	60	9	1
295709433688907776	Aptly named Creek St under water in the #Brisbane CBD #bigwet http://t.co/AHeniZRH	Other Useful Information	Related and informative	1	en	QFL	8	2	0	82	15	2
295443124753424385	Bundaberg store owner affected by flooding: Thank God for insurance. Wouldn't be too sure about that. #readthefineprint #bigwet	Infrastructure and utilities	Related and informative	1	en	QFL	8	6	0	127	19	2
296000040231645184	@CDeLollis @dvcarey2 I know!!!  Floods, fire and hot temps! That's Australia. ❤ It here though!	Not labeled	Not related	0	en	QFL	5	3	2	97	15	0
296490014618030081	RT @WWF_Australia: Unique image of the QLD flood plumes from @Cmdr_Hadfield on Int. Space Station, our thoughts are with those affected  ...	Other Useful Information	Related and informative	1	en	QFL	10	2	0	140	21	0
295509042414104578	MT @Journo_Ash: #wind_gusts Outside sounds like it is going to shatter my bedroom windows any sec now #bigwet #qld The Reporter NP #brisbane	Not labeled	Not related	0	en	QFL	12	6	1	140	23	4
295769244463931392	GREAT POINT #BIGWET #QLDFLOODS #NSWFLOODS MT @TheFireTracker2 @nswfire People took axes into the attic during #katrina  SELF #rescue #qld	Not labeled	Not related	0	en	QFL	19	2	0	137	19	6
297496920211988480	RT @abccapricornia: Light cars are now able to cross Yeppen with escort - delays could be possible #bigwet #qldfloods	Not labeled	Not related	0	en	QFL	10	4	0	117	18	2
295890183012880384	so sad that young child died due to his parents foolish choices. #lifelessons #bigwet	Not labeled	Not related	0	en	QFL	7	1	0	85	14	2
295690588676816897	Flooding hits eastern Australia: Hundreds of homes are inundated and and several people reported missing as floo... http://t.co/m6pwuiC5	Affected individuals	Related and informative	1	en	QFL	6	5	0	136	21	0
295804719882969088	we all in Australia we have had bush fires flooding in all 2 weeks and still going	Other Useful Information	Related and informative	1	en	QFL	4	4	2	82	17	0
295469162971680768	#qldfloods this made me laugh out loud. Haha! http://t.co/AUgo0kDc	Not labeled	Not related	0	en	QFL	2	2	1	66	12	1
295440335532851201	The almighty this really is sexy!  #bigwet http://t.co/auI4OFxH	Not labeled	Not related	0	en	QFL	3	1	0	63	11	1
295335419187453952	Swollen drain at Nundah #bigwet http://t.co/3YZz6WDl	Not labeled	Not related	0	en	QFL	5	0	0	52	9	1
295416692241231872	@shellys28scoop Nice one for ducks #bigwet	Not labeled	Not related	0	en	QFL	2	0	0	42	6	1
295637048377892864	RT@PeterDoherty7: NSW: Take ex tropical cyclone Oswald seriously. He is one angry system #bigwet #NSW #sun7	Caution and advice	Related and informative	1	en	QFL	7	3	1	107	17	3
295244125966581760	RT @lrts8501: #LRTS Demands Progress! http://t.co/a8lO4RGy #bigwet	Not labeled	Not related	0	en	QFL	7	1	0	66	10	2
295310098195173376	With heavy rainfall, basement car parks can be flooded. If you live in a high rise with such a car park, please be aware. #bigwet	Caution and advice	Related and informative	1	en	QFL	9	5	1	129	25	1
295471595688964096	http://t.co/ssF7ACDH  Djokovic vs Murray #qldfloods Haha.  Caught in the act!	Not labeled	Not related	0	en	QFL	7	1	0	77	13	1
295437437256224769	Level 3 outside smoking area at BNE international now closed. No smoking option past customs/security. #bigwet	Not labeled	Not related	0	en	QFL	10	0	0	110	17	1
295693944132624384	RT @camerondickqld: Roofing iron, Logan Road, Holland Park. QPS on scene. #qldfloods #bigwet http://t.co/pS5qUNHZ	Infrastructure and utilities	Related and informative	1	en	QFL	11	2	1	113	17	2
295544836604456960	RT @TelegraphNews: Severe floods and tornadoes in the Australian state of Queensland have left four people dead and a further two missin ...	Affected individuals	Related and informative	1	en	QFL	8	2	0	140	22	0
295666274279759872	OMG, the Sun! It burns. It buuuuurns! #bigwet	Not labeled	Not related	0	en	QFL	4	2	2	45	8	1
295487894729142272	Wow! - I hate this  #bigwet http://t.co/ULZ6mhOz	Not labeled	Not related	0	en	QFL	2	2	1	48	9	1
296247097332752384	@TheEllenShow PLEASE HELP THE #Queensland AUSTRALIA RED CROSS in the flood affected families especially in Bundaberg and Gympie!!! #redcross	Donations and volunteering	Related and informative	1	en	QFL	8	4	1	140	19	2
295845152977723392	orz south east qld is flooding.	Other Useful Information	Related - but not informative	1	en	QFL	1	3	0	31	6	0
294648903926681600	RT @QldSES: RT @rrcouncil: If you have your car at the #Rockhampton Airport please move it asap! the car park is likely to flood. #BigWet	Caution and advice	Related and informative	1	en	QFL	11	4	2	137	25	2
295664550433411072	So much damage happening all over the place from flood and wind, and I'm like There's not much to report here!. #highground #bigwet	Not applicable	Related - but not informative	1	en	QFL	7	4	1	131	25	2
295608342578094080	you realize this methods ?  #bigwet http://t.co/zpUdQ2vZ	Not labeled	Not related	0	en	QFL	2	2	1	56	9	1
295672016307097601	@James_Yammouni Awwe I wish i could go but atm im in qld about to drown in flood waters! NO FUCKING JOKE IM ACTUALLY ON MY ROOF ATM!	Sympathy and support	Related - but not informative	1	en	QFL	10	5	3	132	27	0
295516990641164289	#bigwet Wow, Did you see that? FINE.! http://t.co/dK5jcNQq	Not labeled	Not related	0	en	QFL	4	2	1	58	11	1
295821559996768256	If I was the type of woman described on DAAS Kapital, i'd be so popular right now. #DAASKapital #bigwet #buoyant	Not labeled	Not related	0	en	QFL	7	5	2	112	21	3
295548837962055681	#bigwet http://t.co/H4WNfQ1Z This made me cry a little because it's sadly true..	Not labeled	Not related	0	en	QFL	2	3	2	80	16	1
295530152367112192	#bigwet http://t.co/UzjZ4WfM Can you believe this?	Not labeled	Not related	0	en	QFL	3	2	1	50	9	1
297869231809261568	RT @abcsouthqld: Latest flood warning from the BOM for the Condamine http://t.co/xqpC3tze #bigwet	Caution and advice	Related and informative	1	en	QFL	7	2	0	97	16	1
296108551070416897	Rescuers battle Australia floods http://t.co/bUsvBzrS	Other Useful Information	Related and informative	1	en	QFL	5	0	0	53	8	0
295798990463713280	Evacuation centre in #Warwick Christian College Slade Campus Horseman St. filling with stranded travelers #bigwet #qldfloods @abcsouthqld	Affected individuals	Related and informative	1	en	QFL	13	2	0	137	17	3
295123149656297472	RT @shelleylloydabc: Queensland's rainfall outlook in one animated map http://t.co/9SjKKYDt @abcnews #bigwet	Other Useful Information	Related and informative	1	en	QFL	9	1	0	108	16	1
296098577019711488	Brisbane River #BelieveAcoustic #BelieveAcoustic #lca2013 #bigwet Haha.  How f'n humorous..! http://t.co/3J0WTqcz	Not labeled	Not related	0	en	QFL	7	1	0	113	15	4
295511563178242048	#bigwet Wont head over to this hyperlink ! http://t.co/JFq4b1fF	Not labeled	Not related	0	en	QFL	4	2	0	63	11	1
295819026628767744	The flood levy was REAL help for QLD. Meanwhile, anti-levy Abbott invited by Campbell to pose for the cameras. http://t.co/d14G3pwJ #auspol	Other Useful Information	Related and informative	1	en	QFL	11	3	0	139	25	1
295619398755033088	http://t.co/MbzX3PyF John why don't you? :3 were you aware I love it?  #bigwet	Not labeled	Not related	0	en	QFL	4	3	4	78	17	1
296203128414556160	RT @TheBushVerandah: Just heard a farmer had to shoot approx 100 sows at mundubbera ... In preference to them drowning. #bigwet	Affected individuals	Related and informative	1	en	QFL	8	4	1	127	20	1
296770919752413187	RT @CaitlynGribbin: These guys are being spotted on the streets of #bundaberg. #bigwet @abcwidebay @abcnews http://t.co/9uHCCppx	Not labeled	Not related	0	en	QFL	10	4	0	128	19	2
295365488169607168	First fire, then flood... http://t.co/bqK2FKMi What next? #bigwet	Not labeled	Not related	0	en	QFL	6	0	0	65	11	1
295631520306188288	#bigwet http://t.co/aTTkHLtn I wonder if this is true	Not labeled	Not related	0	en	QFL	3	2	1	53	11	1
295575203373785089	With regard to many odd ass reason I love the smell of ?? http://t.co/Ihs7jpGj  #bigwet	Not labeled	Not related	0	en	QFL	7	1	1	87	17	1
295750474957733888	@7newsbrisbane Alex headlands 11am today #bigwet http://t.co/VLCvd2zQ	Other Useful Information	Related and informative	1	en	QFL	4	3	0	69	10	1
295423617016160256	ahahah my partner and i cant breathing!!!!  #bigwet http://t.co/MLgDbTP0	Not labeled	Not related	0	en	QFL	3	3	1	72	12	1
295492823061520384	hahaha i know. i laughed so hard when i read about it. http://t.co/SyvpQFLh  #qldfloods	Not labeled	Not related	0	en	QFL	2	3	4	87	17	1
295860281815478274	non australians: i wish we had an aussie summer! Australia: drought, floods, fire, cyclones, heatwaves....tornadoes	Not labeled	Not related	0	en	QFL	8	4	2	115	16	0
296102037324722178	ahahah we cant inhale!!!!  Brisbane River #BelieveAcoustic Gold Coast #bigwet	Not labeled	Not related	0	en	QFL	9	2	1	77	10	2
296456955139076096	RT @CitySouthNews: The clean up's on at Tarragindi #bigwet http://t.co/SO92eNkm	Other Useful Information	Related and informative	1	en	QFL	5	1	0	79	14	1
295558895928225792	http://t.co/XW0g4UBR  #bigwet why do you'll still create my heart speed up?	Not labeled	Not related	0	en	QFL	2	5	1	75	15	1
295717545464446976	#QLDFloods Wtf!!! -- We love this kind of http://t.co/25MeZgD5	Not labeled	Not related	0	en	QFL	4	1	1	62	11	1
295050860843651072	RT @mackiemarsellos: Trampoline stuck in the top of power pole. Unbelievable #Bargara #bigwet http://t.co/cCV6LYbD	Infrastructure and utilities	Related and informative	1	en	QFL	11	1	0	114	17	2
295548082999930882	http://t.co/vaAAWv0Q  #bigwet Hehe! Therefore funny!	Not labeled	Not related	0	en	QFL	1	1	0	52	8	1
295867416347549696	Flood lyfe #dosummer #floods #bigwet @maddie_d @alicem26 @kilkenny_d http://t.co/cecze9uc	Not labeled	Not related	0	en	QFL	9	1	0	89	12	3
295456445854543872	http://t.co/LtgimLLM Gotta see this - produced my day!  #qldfloods #ImSoSickOf	Not labeled	Not related	0	en	QFL	3	3	1	78	12	2
296185784984285184	RT @Cmdr_Hadfield: Hello Australia! Last night I I stayed up late to take a few photos of the flooding in the Northeast, which I'll be p ...	Other Useful Information	Related - but not informative	1	en	QFL	7	4	3	140	27	0
294890223207337984	Live coverage: SE Qld on flood alert - ABC Online: http://t.co/KzizYnK4.auLive coverage: SE Qld on flood alertABC... http://t.co/ISCcbNw9	Caution and advice	Related and informative	1	en	QFL	13	0	0	137	24	0
295082720781021185	RT @qpsmedia: BOM: Radar suggests strong possibility of tornado 30km W of Maryborough moving SSW at 50km/h #bigwet #tornado	Caution and advice	Related and informative	1	en	QFL	13	3	0	123	20	2
295332244107702272	RT @Can_do_Campbell: Genius ! RT “@ewortho: @ebonycavallaro beat my high tech iPad water proofing technique! #bigwet http://t.co/KstnR6Vo”	Not labeled	Not related	0	en	QFL	11	2	0	142	19	1
296825651204337664	RT @trigger_sam: If ur  heart goes out to people that's involved with floods in Australia and the fire in brazil plz retweet let them no ...	Sympathy and support	Related - but not informative	1	en	QFL	9	4	1	140	26	0
296122266457088001	He marcado como favorito un vídeo de @YouTube (http://t.co/jhdIRbFC - MASSIVE FLOODING DEVASTATES EASTERN AUSTRALIA (JAN 28,	Not labeled	Not applicable	0	pt	QFL	10	1	0	125	20	0
296872514183888896	#Julia #Gillard goes to show support to flood victims and gets #flamed and when she defends herself casually, flamed. #doyourbest #Australia	Sympathy and support	Related - but not informative	1	en	QFL	6	6	2	140	21	5
295402230276829184	Omfg : God I love that when this occurs http://t.co/6HGzQS0q  #bigwet	Not labeled	Not related	0	en	QFL	5	2	1	69	13	1
295745215283736576	#QLD Floods: Bundaberg - More than 2,000 properties affected. Nth Bundaberg about to be isolated - leave now if safe. @QPDmedia reports.	Caution and advice	Related and informative	1	en	QFL	9	3	0	136	21	1
295766111327232001	#bigwet Regarding my mixed heritage, my co-worker just called me a w***e I laughed so hard, I cried. http://t.co/b9zRqcgJ	Not labeled	Not related	0	en	QFL	5	5	3	121	24	1
295802475930333184	RT @SAOutbacks: Thinking of the people of #bundaberg All very helpful for us just weeks ago at the #accc #goawayrain #BigWet	Sympathy and support	Related - but not informative	1	en	QFL	10	2	1	124	21	4
295276862538645504	RT @QPSmedia: #bigwet Don't forget to check out latest road closure info for Qld from the Traffic &amp; Travel site  or call 131940 http ...	Infrastructure and utilities	Related and informative	1	en	QFL	13	4	0	140	25	1
295782263554179073	@7newsbrisbane showing an interview which requires a signer and they cut her partly off with that split screen ? #BigWet	Not labeled	Not related	0	en	QFL	6	3	2	123	19	1
295515954610319361	Provides anyone utilized this? http://t.co/pH3DNZYT  #Djokovic #bigwet	Not labeled	Not related	0	en	QFL	6	2	0	70	10	2
295820335285166080	RT @justiceQLD: Expected in court tomorrow but flooded in? Contact your local courthouse Tues morning http://t.co/rOZ8oXUm #bigwet	Caution and advice	Related and informative	1	en	QFL	9	3	0	130	20	1
295431414256648192	RT @Stevesownacc: @SwannyDPM has been advised to stay away from the #qldfloods . The huge tin foil hat on his massive head attracts ligh ...	Caution and advice	Related - but not informative	1	en	QFL	9	5	0	140	23	1
295871564518412288	RT @WazNotWazz: #JuliaGillard would love to be helping out with the floods in the #bigwet but unfortunately her only tool is a knife #Auspol	Donations and volunteering	Related - but not informative	1	en	QFL	9	5	0	140	24	3
295648612057227264	RT @thetodayshow: EXTENDED COVERAGE OF QLD/NSW FLOOD CRISIS: We are staying on the air until 11am (10am QLD time) to bring you the lates ...	Other Useful Information	Related and informative	1	en	QFL	12	5	2	140	25	0
297127733362819072	RT @petsarefound: NEW LISTING: LOST Blue Burmese CAT, Glass House Mountains QLD #qldfloods http://t.co/p3UFLl5m via @PetsAreFound #bigwe ...	Affected individuals	Related and informative	1	en	QFL	9	1	0	140	20	2
296104813937172480	Just how do i fix this?   Queensland #bigwet #qldfloods #lca2013 Brisbane Queensland	Not labeled	Not related	0	en	QFL	7	3	1	84	12	3
295746133836300288	These floods in Queensland are so scary and I'm on the other side of the country! :o	Other Useful Information	Related - but not informative	1	en	QFL	4	2	1	84	18	0
295545339908337665	Where can I discover this kind of?  #bigwet	Not labeled	Not related	0	en	QFL	3	2	1	43	8	1
295462183641427968	#bigwet http://t.co/d8nh0OBy THIS MADE ME LAUGH SO HARD OKAY	Not labeled	Not related	0	en	QFL	4	2	0	60	12	1
296026124599832576	#BIGWET GRIDLOCK ON ROADS #GRAFTON #NSW RECORD #NSWFLOOD JUST GET OUT NOW GO TO #SOUTH_GRAFTON HIGH SCHOOL IF YOU CAN OR SEEK HIGH GROUND	Caution and advice	Related and informative	1	en	QFL	13	5	1	137	24	5
296772391936352257	#PMAANZNews Heartbreak for growers http://t.co/IBrGq0de #freshproduce #bigwet #qldfloods	Other Useful Information	Related and informative	1	en	QFL	7	2	0	88	11	4
296088749761257472	#QLDfloods #floods  @ Holmview http://t.co/SOpHx8PE	Not labeled	Not applicable	0	en	QFL	5	0	0	51	7	2
297099996434661378	RT @kyliebubbles1: Two boats washed up near #bundaberg  #bigwet http://t.co/Pqk05WxV	Other Useful Information	Related and informative	1	en	QFL	6	1	0	84	13	2
296115220009603074	Wivenhoe Dam is Qld's most important &amp; most dangerous piece of public infrastructure. @abcnews @612brisbane #bigwet http://t.co/SYUMWaRP	Infrastructure and utilities	Related and informative	1	en	QFL	10	2	0	140	21	1
295439958053904384	#bigwet http://t.co/3y1xOzXF OMG SKIP I LOVE YOU SO MUCH FOR THIS Finally home with my baby	Not labeled	Not related	0	en	QFL	6	1	2	91	19	1
295415115187093504	#bigwet http://t.co/2jZTy41G These kinds of assholes! : Almost all I want can be a good man	Not labeled	Not related	0	en	QFL	4	4	1	91	18	1
295688533480448000	Deja Vu Football Club @ToowongFC #bigwet http://t.co/o2lyWQi4	Not labeled	Not related	0	en	QFL	6	1	0	61	10	1
295625082020196352	Monsoonal conditions continue - although had to reassure G2 no tornatoes or salamis today #bigwet	Caution and advice	Related and informative	1	en	QFL	7	3	0	97	14	1
295563543191883776	She's my favorite princess???? http://t.co/blRfGale  #bigwet	Not labeled	Not related	0	en	QFL	3	1	1	60	10	1
296432540066140160	Chan 9 are showing hr long broadcasts from the Queensland floods instead of @TheEllenShow. We don't wanna think about that, we wanna laugh!	Not labeled	Not applicable	0	en	QFL	5	6	2	139	24	0
293803277689180160	Queensland flood victims join action against Government: -- Delivered by Feed43 service http://t.co/vQXafWmL	Affected individuals	Related and informative	1	en	QFL	7	2	0	108	15	0
295821396423098368	RT @NSWRFS: @QPSmedia We've been doing it tough with fires lately but our thoughts are with you all tonight. #bigwet	Sympathy and support	Related - but not informative	1	en	QFL	7	5	3	116	21	1
295494148436398080	love you so much for this pizza is my life  #bigwet http://t.co/6cNJag8Z	Not labeled	Not related	0	en	QFL	5	2	1	72	15	1
295368910738444288	RT @612brisbane: Story Bridge closed both directions as of 12.57pm #bigwet	Infrastructure and utilities	Related and informative	1	en	QFL	7	1	0	74	12	1
295541053338034177	Provides any person attempted this? http://t.co/cWF2aCbh  #Murray #bigwet	Not labeled	Not related	0	en	QFL	5	2	0	73	11	2
293846957166833664	Current centre of Ex-TC Oswald is 40km WNW of Cooktown and moving in a SSE direction at about 18 kilometres per hour. #bigwet #qld	Caution and advice	Related and informative	1	en	QFL	14	3	0	130	25	2
296065219703230464	29/10:52 EST Flood Warning - Logan-Albert (QLD)  http://t.co/sh6RhBl8	Caution and advice	Related and informative	1	en	QFL	7	0	0	69	13	0
296467038237503489	Clean-up begins after deadly Australia floods http://t.co/ImZ2NOCi [StraitsTimes World]	Other Useful Information	Related and informative	1	en	QFL	7	0	0	87	13	0
295755168388100096	http://t.co/roEG6iqG  #bigwet Rondo This made me cry	Not labeled	Not related	0	en	QFL	2	3	1	52	10	1
295700080395161600	@juliemela They must've known what it was like before going out in it!  I have no idea what they were thinking either. #bigwet #stupidpeople	Not labeled	Not related	0	en	QFL	7	9	5	140	25	2
295423872872890368	RT @Schrinner: Just been advised that all CityCat and Ferry services on the Brisbane River have been suspended. #bigwet	Infrastructure and utilities	Related and informative	1	en	QFL	9	5	0	119	19	1
296425892115267584	George street #bundaberg. #bigwet http://t.co/vcfbA806	Infrastructure and utilities	Related and informative	1	en	QFL	7	0	0	54	8	2
295817181172744192	Whoohoo! Thankyou @Energex power back on Kiels Mtn 4559. Time for a cuppa. #bigwet	Infrastructure and utilities	Related and informative	1	en	QFL	8	0	0	82	14	1
296519366357438464	IHT Rendezvous: IHT Quick Read: Jan. 30: Dozens of bodies found in Syria; flooding in Australia; governing Thail... http://t.co/fjlMgbLa	Not labeled	Not related	0	en	QFL	12	3	0	136	22	0
296092658839994370	RT @JessHinchy: Only a few of the many rows of semi-trailers stranded waiting in #Warwick #bigwet #qldfloods @abcsouthqld @612brisbane h ...	Other Useful Information	Related and informative	1	en	QFL	11	3	0	140	21	3
296280127459966976	Just under 80,000 people still without power, @Energex has 50 crews working tonight http://t.co/J9KkTbLy #bigwet #qldfloods	Infrastructure and utilities	Related and informative	1	en	QFL	8	4	0	123	20	2
295615837765767168	#bigwet http://t.co/pUdJ604G Love conquers every one of the. &amp;lt;3	Not labeled	Not related	0	en	QFL	4	1	0	70	14	1
295452176027906049	RT @SpencerHowson: I hear my first chain-saw of this #qldfloods event	Not labeled	Not applicable	0	en	QFL	6	1	1	69	12	1
296056986305458176	RT @tunez4hoons: Blackhawk helicopters over North #Bundaberg &amp; flooded #BurnettRiver during mandatory evacuations #QLDfloods #BigWet ...	Donations and volunteering	Related and informative	1	en	QFL	12	1	0	140	15	4
296221142975410176	RT @SquigglyRick: No, a nightmare bus. MT @7NewsBrisbane: Grey Wolf #Spider (we think) escorting young from floods in #Jandowae #bigwet  ...	Not applicable	Related and informative	1	en	QFL	13	2	1	140	20	3
295450745774436352	Oh god everyone's holes are leaking!! #bigwet	Not labeled	Not related	0	en	QFL	4	2	0	45	8	1
295748054823342080	RT @russmulry: Where's Anna Bligh when you need her?! Campbell Newman presser has been an utter embarrassment! #QLDfloods #Bigwet	Not labeled	Not related	0	en	QFL	12	4	2	129	20	2
295814861710057472	RT @AmandaAbate: Powerlines on the Gold Coast rail line have been damaged - no trains tomorrow morning between Varsity and Beenleigh #bigwet	Infrastructure and utilities	Related and informative	1	en	QFL	13	3	0	140	21	1
295486854558535680	This wind is fucking scary #bigwet	Not labeled	Not related	0	en	QFL	3	2	0	34	6	1
295835090834055168	Getting keen for another night on the couch #floodprep #keen #bigwet #bnestorm	Not labeled	Not related	0	en	QFL	8	1	0	78	12	4
295617955906072576	RT @612brisbane: UPDATE: FLOOD WARNING FOR THE ALBERT AND LOGAN RIVERS http://t.co/AUoqNQWs… #qldfloods #bigwet	Caution and advice	Related and informative	1	en	QFL	13	0	0	113	17	2
294716738371743744	Wow! So much water on the roads #bigwet	Other Useful Information	Related - but not informative	1	en	QFL	4	0	0	39	8	1
295417677881671681	Stay safe...and preferably indoors. #bigwet	Sympathy and support	Related - but not informative	1	en	QFL	3	1	0	43	6	1
296103907954933761	#bigwet Gold Coast #qldfloods Gold Coast #Auspol Tim #lca2013 Lol.  How f'n humorous..!	Not labeled	Not related	0	en	QFL	14	0	0	87	14	4
295765624750231553	RT @7NewsBrisbane: Want to volunteer? Register first: http://t.co/IHmOAEhp and then download the app: http://t.co/Qun55q0r #bigwet	Donations and volunteering	Related and informative	1	en	QFL	4	6	0	130	21	1
295455401447669760	“@snoozen: Bet mine isn't only child hoping for a #bigwet delay school resumptions” No we want beautiful day to remember Preppies first day!	Affected individuals	Related - but not informative	1	en	QFL	10	4	2	144	24	1
295365769175371779	I do not know why, however I do...and I learn anyone love me too.  #bigwet http://t.co/gy2G3o0I	Not labeled	Not related	0	en	QFL	4	5	4	95	20	1
295421847028236288	Hang in there shade sail! #bigwet #crazyweather http://t.co/pZCBqIho	Sympathy and support	Related - but not informative	1	en	QFL	5	2	0	68	11	2
295440943706955776	#qldfloods http://t.co/lQ5ut3Xx I CANNOT BELIEVE THIS HOMOPHOBIC POLITICIAN IS A FUCKED UP PERVERT	Not labeled	Not related	0	en	QFL	8	3	1	98	16	1
295703762989875200	RT @GoldCoastBureau: Foam washes through Justin Park on Burleigh headland #bigwet #bigblow #qldfloods http://t.co/cFiDCJKr	Other Useful Information	Related and informative	1	en	QFL	11	3	0	122	17	3
295409297683279872	165mm in the 24 hrs to 3pm at #mountcrosby with more to come. Gusts feel less powerful and less frequent #bigwet @612brisbane	Caution and advice	Related and informative	1	en	QFL	7	3	0	125	22	2
295594912408301568	Australia issues #flood warning as mini #tornado hits http://t.co/IbamTU1D	Caution and advice	Related and informative	1	en	QFL	6	2	0	74	12	2
295756913189203968	#bigwet http://t.co/Zh74FSN4 haha, this made me laugh	Not labeled	Not related	0	en	QFL	2	3	1	53	10	1
296099336180334592	I wonder if this is true   #qldfloods Tim Tim Brisbane River #BelieveAcoustic	Not applicable	Related - but not informative	1	en	QFL	7	2	1	77	12	2
295650579194183680	Just come in and think of what I deliver :) http://t.co/R0ou3ifK  #qldfloods	Not labeled	Not related	0	en	QFL	4	3	1	76	14	1
295737191563399171	If I see 1 more tiny car drive through the water at Witton Rd indooroopilly I will actually punch them in the face. #bigwet #brisbaneflood	Affected individuals	Related and informative	1	en	QFL	9	4	3	138	25	2
295505389166919680	#bigwet http://t.co/UDDllVrD Wow So this made me cry. Justin gained my respect. And a lot of it Raps	Not labeled	Not related	0	en	QFL	5	5	2	100	21	1
295657009079021569	RT @otiose94: “@stuartcmcgill: Qld surprised flood peak in Bundaberg will be higher than 2011. Join the dots!” #climatechange #auspol	Other Useful Information	Related and informative	1	en	QFL	11	4	0	137	19	2
295653393597358080	I hate everything in regards to you, counseling ? I accept you. http://t.co/aFGZhBjU  #bigwet	Not labeled	Not related	0	en	QFL	5	3	4	93	16	1
295472413557288960	http://t.co/UsZ9UIho  #qldfloods I KNOW RIGHT OMFG HIS EXPRESSION IS SO WEIRD THOUGH I LAUGHED SO HARD AT THAT OMG	Not labeled	Not applicable	0	en	QFL	7	3	2	114	22	1
296236150182535168	RT @ALeague: Brisbane Roar getting behind Red Cross Queensland Floods Appeal 2013. Read more: http://t.co/ZgofCdus #ALeague	Donations and volunteering	Related and informative	1	en	QFL	10	2	0	123	19	1
295403182358659075	Hmm #bigwet is trending.. 'QC: Do you like my #BigWet Pipe im sorry... I just had to #RuneScape	Not labeled	Not related	0	en	QFL	8	6	3	95	18	3
296081900446031872	RT @7NewsBrisbane: Energex says they have repaired nearly 3000 fallen powerlines and will attend to a further 1100 today. #qldfloods #bigwet	Infrastructure and utilities	Related and informative	1	en	QFL	8	6	1	140	21	2
295584464371847168	#bigwet http://t.co/0glGxWan Sometime I thought PEOPLE LIKE YOU HAVE I LOVE YOU ?? :/	Not labeled	Not related	0	en	QFL	3	4	4	85	15	1
296091685765648384	#flood #Australia Praying for all the People IN Australia Cyclones Are Leaving  But There is minor Flooding everywhere.	Sympathy and support	Related - but not informative	1	en	QFL	7	4	0	119	18	2
295479883608514561	RT @Telstra_news: QLD FLOODS: a cable washout in Kingaroy has impacted a significant number of landline, broadband and mobile services i ...	Infrastructure and utilities	Related and informative	1	en	QFL	12	2	1	140	21	0
295676290298691584	they've given us a warning 4 the #hunter we r gonna get fucked up lol #bigwet :/	Not labeled	Not applicable	0	en	QFL	3	7	3	80	17	2
295375407698554880	RT @ABCNews24: Graham Quirk: High winds are predicted for #Brisbane between 2pm and 8pm tonight #QLDfloods	Caution and advice	Related and informative	1	en	QFL	10	3	0	106	16	2
297843889807691776	RT @MattWarrell Nice photography http://t.co/oiHkSg1N #bigwet”	Not labeled	Not related	0	en	QFL	6	0	0	64	9	1
296105648612073472	#qldfloods Gold Coast Queensland #auspol Gold Coast #bigwet Gold Coast Does this actually exist?	Not labeled	Not related	0	en	QFL	13	2	0	96	14	3
295643461489676289	http://t.co/0e5M8avv  #qldfloods He's this type of dick.  He submitted my own outdated photos	Not labeled	Not related	0	en	QFL	5	2	2	93	17	1
295442596245946368	#qldfloods http://t.co/0eY91S9P Offers any person employed this particular?	Not labeled	Not related	0	en	QFL	4	2	0	75	11	1
295461248311652353	#bigwet #qldfloods Constantly wanted this... http://t.co/nAKx5P1I	Not labeled	Not related	0	en	QFL	4	2	0	65	9	2
296013650722967552	RT @autALERT: #bigwet Helicopter pic #north_bundaberg Jan28 http://t.co/NCiOd1G0 via @Wendycarlisle Prayers go out to family &amp; frien ...	Sympathy and support	Related and informative	1	en	QFL	13	2	0	140	20	2
295526587191926784	Creates this change actually can be found? http://t.co/W7nPfWPO  #bigwet	Not labeled	Not related	0	en	QFL	3	5	0	72	12	1
295623760814436352	Tell me it is a joke!!! http://t.co/MpfdBsAU  #bigwet	Not labeled	Not applicable	0	en	QFL	4	2	2	53	11	1
295432026599874560	Anybody learn how to resolve this particular? http://t.co/jBjpWxEV  #bigwet	Not labeled	Not related	0	en	QFL	4	2	0	75	12	1
295805072191918080	VIDEO: Floods cause chaos in Queensland: Three people have died and hundreds of homes are under water after heav... http://t.co/SRYd8Wqb	Affected individuals	Related and informative	1	en	QFL	10	4	0	136	23	0
295462057808117760	http://t.co/Sxq4VK66 Haha... : This is Funny  #bigwet	Not labeled	Not related	0	en	QFL	4	1	0	53	9	1
296406539584028672	RT @BreakfastNews: Video: Ipswich mayor Paul Pisasale blasts Insurance Council 'fool' Rob Whelan over @Lateline interview on Qld floods  ...	Other Useful Information	Related and informative	1	en	QFL	14	1	0	140	19	0
297086625014505473	“@AlisonAriotti: Campbell Newman wants to flood-proof QLD. Thoughts on the best way? #telltoday @thetodayshow”become Mother Nature :-/	Other Useful Information	Related and informative	1	en	QFL	10	2	1	138	18	1
295461239952375810	Just lost power for a bit there, but back online (could be famous last words...better not jinx it...). #qldfloods #bigwet #exoswald	Affected individuals	Related and informative	1	en	QFL	7	5	1	131	22	3
295503208137244672	So sad. #bouncebackbundy #bigwet http://t.co/zpm3NFpQ	Not labeled	Not related	0	en	QFL	4	1	0	53	8	2
294981885501796352	RT @Pollytics: Qld coastal cities face a 1 in 100 year flood. Haven't had one of them for at least 3 years. But as you were - no climate ...	Caution and advice	Related and informative	1	en	QFL	7	5	2	140	29	0
296557899436675073	RT @RitaPanahi: Sweet mother of god! A grey wolf spider escorting her young to safety during #qldfloods.  Via @9NewsBrisbane http://t.co ...	Other Useful Information	Related and informative	1	en	QFL	10	1	0	140	22	1
295530278175260673	http://t.co/3xrc4PMd i didnt imply it when i said i didnt love you  #bigwet	Not labeled	Not related	0	en	QFL	3	5	5	75	16	1
295436241892171776	More #LockyerValley evacs. Houses flooded in 2011 in Glenore Grove and Kensington Grove asked to evac to Gatton Shire Hall #bigwet	Caution and advice	Related and informative	1	en	QFL	11	4	0	130	21	2
295784121651834880	RT @noneknoswhoiam: Deadly floods hits east Australia: Three people are killed and hundreds of homes are under water in the Australi...  ...	Affected individuals	Related and informative	1	en	QFL	8	4	0	140	21	0
295512418816233472	#bigwet http://t.co/TR5yJ6tC an anybody help me out? xx	Not labeled	Not related	0	en	QFL	2	2	1	55	11	1
295792170525405184	Three killed in Queensland floods - Irish Times: Irish TimesThree killed in Queensland floodsIrish TimesCheryl M... http://t.co/4S2wUAUd	Affected individuals	Related and informative	1	en	QFL	9	2	0	136	19	0
294365138268614656	@AlisonFairleigh have you bunkered down Ali? #Bigwet	Not labeled	Not applicable	0	en	QFL	3	2	1	52	7	1
295470358348328960	http://t.co/wtqJf8ku Lol.  How f'n humorous..!  #bigwet	Not labeled	Not applicable	0	en	QFL	3	0	0	55	10	1
295631880999563264	http://t.co/JJttuY16  #bigwet Haha.  How f'n amusing..!	Not labeled	Not related	0	en	QFL	1	1	1	55	10	1
295989730607243264	RT @georgina_harley: Awesome customer service by @Jetstar, @Qantas and @Avis last few days #bigwet. Thank you. http://t.co/FXBqUWk8	Not labeled	Not related	0	en	QFL	10	1	1	131	20	1
295757231964700673	this made me cry, wow so much i can relate to thank you fir sharing your story http://t.co/Jm0niWv6  #bigwet	Not labeled	Not related	0	en	QFL	4	7	3	108	22	1
298671019160391680	Qld to discuss flood funding with Ludwig: The Federal and Queensland governments are expected to get the ball ro... http://t.co/zcaaqUxA	Other Useful Information	Related and informative	1	en	QFL	8	4	0	136	23	0
296737432425086976	@theage the flood is in QLD, ironically KRudd Island surrounded by Liberal amounts of water maybe the only visible Labor presence in 7mths	Not labeled	Not related	0	en	QFL	8	3	0	138	23	0
297087958786392065	All Brisbane catholic schools open today except for St Joseph's School (Gayndah) St Mary's School (Laidley)  #bigwet #qldfloods	Infrastructure and utilities	Related and informative	1	en	QFL	14	2	0	127	20	2
295336140603547648	#bigwet . Sex aint any better than love	Not labeled	Not related	0	en	QFL	4	1	0	39	7	1
295594983711469568	#bigwet Oh my gosh I am passing away having a laugh halarious http://t.co/iDV22fsQ	Not labeled	Not related	0	en	QFL	2	4	1	82	16	1
295837972304117761	RT @abcnews: Ian Hatton sent us this photo of North Bundaberg residents evacuating by boat earlier today. #bigwet http://t.co/pgKjW5rr	Other Useful Information	Related and informative	1	en	QFL	12	3	1	134	22	1
294748434739630080	RT @AJEnglish: RT @AJEWeather The remains of Tropical Cyclone #Oswald trigger widespread flooding in #Queensland, #Australia: http://t.c ...	Other Useful Information	Related and informative	1	en	QFL	13	1	0	140	19	3
295430567003041792	#qldfloods Hahhahaha Wow -- This is the best shit i`ve seen	Not labeled	Not related	0	en	QFL	4	3	0	59	11	1
296105816375820288	Exactly what tune is that this?  Brisbane Tim Gold Coast #lca2013 Tim #bigwet #bigwet	Not labeled	Not related	0	en	QFL	11	2	0	85	14	3
295376699527417856	RT @davidiliffe: Incredible ! RT @Jamess_Twits: ! “@QldSES Trampoline stuck in the top of power pole. Unbelievable #Bargara #bigwet http ...	Other Useful Information	Related and informative	1	en	QFL	14	1	0	142	18	2
298421944611635200	Coalminers escape heavy flood damage: QUEENSLAND'S coal industry and LNG export projects are expected to emerge ... http://t.co/NHBhtXtU	Other Useful Information	Related and informative	1	en	QFL	9	4	0	136	21	0
295541346951892992	Amazing -- thanks -- this kind of totally rocks!! http://t.co/qtyflbUY  #bigwet	Not labeled	Not related	0	en	QFL	5	1	0	79	12	1
295508648141139968	Got to love a good flood and tornado this time of year #Queensland #Brisbane	Other Useful Information	Related - but not informative	1	en	QFL	6	3	0	76	14	2
296035050074562560	RT @autALERT #BIGWET #evacuation_warning #nswfloods #evacuation #grafton ALL #north_grafton parts #south_grafton http://t.co/9ItrqN8D 9:18am	Caution and advice	Related and informative	1	en	QFL	12	1	1	140	17	7
291852896990023680	RT @AdmireAriana: Heat wave in Australia. Flooding in Jakarta, Indonesia. The world is going wrong.	Not labeled	Not related	0	en	QFL	7	3	0	99	15	0
295738202399068161	@couriermail the link doesnt appear to be working in this story.#bigwet	Not labeled	Not related	0	en	QFL	2	5	0	71	12	0
294675231556124672	Rescues underway as central Qld floods - Herald Sun http://t.co/xoqPNlTn	Donations and volunteering	Related and informative	1	en	QFL	6	0	0	72	12	0
295320328077451264	Just saw a bird fall out of the sky #bigwet	Not labeled	Not related	0	en	QFL	5	1	0	43	10	1
295513568051339264	RT @7NewsBrisbane: A list of locations where sandbags are available in Brisbane is now on our Facebook page: http://t.co/MZMavk6Q #bigwet	Donations and volunteering	Related and informative	1	en	QFL	9	3	0	137	23	1
295366574494347265	Manchester City : Roberto Mancini, I love Mario Balotelli  #bigwet http://t.co/ws1y5MTh	Not labeled	Not related	0	it	QFL	9	1	0	87	13	1
296103446602465281	I cant f'n grasp http://t.co/9qKXt091  #BelieveAcoustic #bigwet #bigwet Gold Coast #qldfloods Ferrari	Not labeled	Not related	0	en	QFL	9	4	1	101	16	4
296261118857457665	Storm Oswald continues to cause flooding and flight delays in Australia - Daily Mail http://t.co/oR8FvXHv #travel	Infrastructure and utilities	Related and informative	1	en	QFL	11	2	0	113	18	1
295375168640020480	Moffat Beach #sunshinecoast #bigwet http://t.co/cMUQxsHu	Other Useful Information	Related - but not informative	1	en	QFL	5	1	0	56	8	2
296075009196163073	Deadly flood waters rise in eastern Australia http://t.co/nRZ6ttRe	Other Useful Information	Related and informative	1	en	QFL	4	1	0	66	11	0
296380828496310275	Your say: Ipswich mayor attacks insurance industry http://t.co/0peHUaWx @abcnews @612brisbane #bigwet	Other Useful Information	Related and informative	1	en	QFL	10	0	0	101	14	1
295427165422493696	The windows are shaking at home, the wind is crazy!! And it's getting worse - #GoldCoast #bigwet	Infrastructure and utilities	Related - but not informative	1	en	QFL	7	5	1	96	17	2
295834524598800385	@9NewsAUS #BneFlood #BigWet #qldfloods http://t.co/p8Mll1xm	Not labeled	Not related	0	nl	QFL	6	0	0	59	8	3
296102003757707264	#lca2013 #bigwet Gold Coast Queensland Gold Coast #bigwet  He has this kind of dick.  He posted my personal aged pictures	Not labeled	Not related	0	en	QFL	12	2	2	121	20	3
295395573916372992	A shot of the tree on our roof taken from the neighbour's garden. #bigwet #bnestorm http://t.co/udtnqO9w	Affected individuals	Related - but not informative	1	en	QFL	9	2	0	104	20	2
295495649988866049	#bigwet This made me cry... while driving http://t.co/Y3FWeXi1	Not labeled	Not related	0	en	QFL	1	4	1	62	11	1
294930530435223553	BOM update: 26/07:59 EST Flood Warning - Fitzroy River (QLD) http://t.co/eTrDwncv	Caution and advice	Related and informative	1	en	QFL	9	0	0	81	15	0
295409964556644352	http://t.co/Dn7AsApw OMG this made me laugh really loudly while everyone else in my house is trying  #bigwet	Not labeled	Not related	0	en	QFL	5	4	1	108	20	1
295468802244747264	Love.it! «Who likes my avi, or alternatively must I change it??»  #bigwet http://t.co/wdOzXFZR	Not labeled	Not related	0	en	QFL	5	3	2	96	17	1
295985574051971073	@EllieRowson i don't know its just been on the news that there has been really bad floods in Queensland and thats where my family lives D:	Other Useful Information	Related - but not informative	1	en	QFL	5	7	1	138	27	0
295758712570773504	http://t.co/Kb6PuJNs  #SAGAwards #bigwet May somebody clarify this kind of?	Not labeled	Not related	0	en	QFL	7	2	0	75	12	2
295296647041257472	Can we not just have some sun now.  #bigwet	Not labeled	Not related	0	en	QFL	3	2	1	43	9	1
295677397582376961	“@Donna_Field: Kedron brook - the bridge at Gordon park is now shut @abcnews #bigwet  http://t.co/LDI6mrGV” @funknbeats	Caution and advice	Related and informative	1	en	QFL	9	4	0	123	18	1
296106256790335488	Can this be fake  Tim Ferrari #lca2013 #lca2013 #bigwet #lca2013 Ferrari	Not labeled	Not related	0	en	QFL	8	3	0	72	11	4
295772797026836480	RT @BobCarrFM: Has @TonyAbbottMHR volunteered to drive a truck for the #bigwet victims yet?	Not applicable	Related and informative	1	en	QFL	6	3	0	91	14	1
295415157134352385	#bigwet May somebody help me fix This particular http://t.co/hCCjR8fq	Not labeled	Not related	0	en	QFL	4	3	1	69	12	1
296111466111717376	Alright, now I'm jealous!  #BelieveAcoustic Gold Coast Queensland Tim #qldfloods	Not labeled	Not related	0	en	QFL	8	1	1	80	11	2
295849993200353280	#BIGWET UPDATE #bundaberg #qld (10pm #nsw 9pm #qld) Jan28: &gt;2,000 homes have now been inundated. #adf return at first light #bundaberg_north	Infrastructure and utilities	Related and informative	1	en	QFL	13	5	0	143	23	7
295673643671904257	RT @VodafoneAU: BLOG: The latest on our services in flood affected #QLD http://t.co/ZObBQ1Xo #BigWet	Infrastructure and utilities	Related and informative	1	en	QFL	7	1	0	100	17	2
296100644782239746	RT @QldSES: @surfqld warn: Keep off eroded sand dunes as there is a danger of collapse. Be safe! #bigwet #beachsafety	Caution and advice	Related and informative	1	en	QFL	9	5	0	117	20	2
295426590777683969	This kind of assholes! -- All I would like can be a nice man  #bigwet http://t.co/E3Edopwt	Not labeled	Not related	0	en	QFL	6	4	1	90	18	1
295487139775381505	http://t.co/e5mD22Nb  #qldfloods hahaha i know. i laughed so hard when i read about it.	Not labeled	Not related	0	en	QFL	3	3	4	87	17	1
298420132676501504	RT @AUtoday: @WookieJon ms, boss lady @juliagillard ? Yes 1st thought #qld only now Public hol in #qldfloods area only http://t.co/svB7q ...	Not labeled	Not related	0	en	QFL	12	2	0	140	23	2
295439840592408576	#bigwet http://t.co/vHJjYZwc hahaha this made me laugh	Not labeled	Not related	0	en	QFL	3	2	1	54	10	1
294999522558504960	Reports of Road Traffic Crash ▶ Possible Entrapment ▶ Canando St &amp; Daguilar Hwy Woodford http://t.co/tCt8ViF8 #bigwet	Caution and advice	Related and informative	1	en	QFL	14	3	0	125	18	1
295574939128442880	#bigwet http://t.co/hjNwGg5e huh?! he killed your girlfriend's	Not labeled	Not related	0	en	QFL	3	2	1	62	11	1
295500930638569472	RT @Rasta_: For Queensland. #bigwet http://t.co/4bk2Xl6s	Sympathy and support	Related - but not informative	1	en	QFL	5	1	0	56	9	1
296121570177449985	Press Release: S&amp;pbulletin: Queensland's Rtgs Not affected As Yet by Floods: The material has been provided by I... http://t.co/WEMFAtdT	Infrastructure and utilities	Related and informative	1	en	QFL	8	4	1	140	25	0
296549284332052480	Ive avoided the political personal side but ummmm ANNA DID MUCH BETTER ORGANISING PERSONALLY I MISS HER ANSWERING MY REQUESTS #QLDFLOODS	Not labeled	Not related	0	en	QFL	5	6	2	136	21	1
295769076670808065	An aerial view of the flood in North Bundy #bigwet #devastation (via http://t.co/SxBdMQ8m) http://t.co/51KdsK7x	Other Useful Information	Related and informative	1	en	QFL	8	1	0	111	20	2
295837632573878272	I wonder if I should tell the dickhead nextdoor he's window in the car are down #bigwet	Not labeled	Not related	0	en	QFL	4	5	3	87	18	1
295408228131536896	http://t.co/D6MlMuWC Bed not the culprit this particular done?  #TheCollectiveOnSNOL #bigwet	Not labeled	Not related	0	en	QFL	5	2	0	92	13	2
295592555213631488	RT @SherriZ6572: #bigwet We can't f'n believe it! http://t.co/5oUi1Ed3	Not labeled	Not related	0	en	QFL	2	5	2	70	14	1
296087323702075392	RT @612brisbane: Energex: 135,000 customers still without power at the moment #bigwet	Infrastructure and utilities	Related and informative	1	en	QFL	8	0	0	85	13	1
296529797608251392	RT @petsarefound: LOST Blue Burmese CAT, Glass House Mountains #QLD #qldfloods #bigwet http://t.co/yASD2TAt via @PetsAreFound Pls RT	Affected individuals	Related and informative	1	en	QFL	12	2	0	132	20	3
295444529832685569	RT @ShePlaysLoud: Thinking about everyone in Queensland,affected by floods, #tornado damage&amp; extreme weather. My heart goes out to y ...	Sympathy and support	Related - but not informative	1	en	QFL	9	3	1	140	21	1
296099986276511745	#lca2013 #lca2013 #Auspol #lca2013 #qldfloods Gold Coast Lol!! xd Really Humorous !	Not labeled	Not related	0	en	QFL	8	0	0	83	11	5
295517380694667264	Lmfao! - This is Cute  #bigwet http://t.co/ZWSKahF9	Not labeled	Not related	0	en	QFL	3	2	0	51	9	1
296101278122123265	Tim #BelieveAcoustic #BelieveAcoustic #qldfloods Tim Tim Brisbane River WTF!!! Can this be real? http://t.co/t0mhMDfo	Not labeled	Not related	0	en	QFL	11	2	0	117	17	3
295695273722802176	RT @AdamWelch1: @QPSmedia @theqldpremier #CoatesHire will also be open in Caloundra and Maroochydore this morning #bigwet  Please retweet	Caution and advice	Related - but not informative	1	en	QFL	10	3	0	137	18	2
295436753588846592	http://t.co/OlHAZOO2  #bigwet This made me cry with laughter	Not labeled	Not related	0	en	QFL	2	3	1	60	11	1
295449177134075904	RT @abcwidebay: Here's another gallery of photos of flooding from the Bundaberg region #bigwet http://t.co/9fX7IIPy @abcnews	Other Useful Information	Related and informative	1	en	QFL	10	2	0	124	20	1
296162343010832384	RT @RACQOfficial: We’ve had one of our busiest days ever with more than 4,900 roadside rescues and 3,058 insurance claims! #bigwet	Donations and volunteering	Related and informative	1	en	QFL	9	2	1	132	24	1
296383689036808193	Cotton Outlook Seen Improving in Australia After Floods, Rains http://t.co/RRniI9FD	Other Useful Information	Related and informative	1	en	QFL	5	2	0	83	13	0
295427740008587264	#qldfloods We laughed so difficult I used to be banging http://t.co/L4pUjaAI	Not labeled	Not related	0	en	QFL	2	4	2	76	14	1
295311247438647297	RT @QPSmedia: FULL FLOOD WARNING FOR BURNETT RIVER: http://t.co/RUq9Fls8 #bigwet	Caution and advice	Related and informative	1	en	QFL	9	0	0	80	13	1
295421926720028672	Australia has floods/bushfires; we've had lots of snow and now flooding. Jesus said 'Love one another'. Plse look out 4 *all* #love	Not labeled	Not related	0	en	QFL	9	7	1	131	24	1
296104805561163776	Alright, now I'm envious!  #auspol #BelieveAcoustic Brisbane #lca2013 #qldfloods	Not labeled	Not related	0	en	QFL	7	1	1	80	10	4
295755868803313665	RT @MiztaRabbit: As at 1pm today Shadow Treasurer @JoeHockey issued statement advising LNP budget surplus target is off again. Qld flood ...	Not labeled	Not related	0	en	QFL	14	3	0	140	21	0
295450775130370048	Absolutely no way.  She draws this again!!! http://t.co/0KCfStTN  #qldfloods	Not labeled	Not related	0	en	QFL	4	1	1	76	12	1
294942723297918976	HAPPY AUSTRALIA DAY! My favourite holiday of the Year! Even with the Bush fires, cyclones, heat waves and floods;... http://t.co/7AJVtAgL	Not labeled	Not related	0	en	QFL	11	0	0	137	23	0
295358001328553984	And @BakedRelief is live. Pls let them know where they can help. #bakedrelief #bigwet	Donations and volunteering	Related - but not informative	1	en	QFL	3	5	2	85	14	2
295683991011463168	It's sad to see the flooding in Queensland. Let's hope the rain stops soon.	Sympathy and support	Related - but not informative	1	en	QFL	3	5	2	75	16	0
295518815138230272	#bigwet I cannot believe this... but I might change my username now http://t.co/hUgqtGLF	Not labeled	Not related	0	en	QFL	3	4	2	88	16	1
295766010634571776	#bigwet http://t.co/nioiKIV5 Lmao! this is good	Not labeled	Not related	0	en	QFL	4	1	0	47	9	1
297242577613250561	RT @QPSmedia: #bigwet Latest BoM flood summary and warnings can be found at http://t.co/IqHXR4jU or QLDAlert http://t.co/NJJeJDo9	Caution and advice	Related and informative	1	en	QFL	11	4	0	129	23	1
295402234454360064	#bigwet is Fehlberg Park in Fairfield going under this time?	Other Useful Information	Related and informative	1	en	QFL	6	2	0	60	10	1
296442681893216256	Just back in QLD from Melbourne. Where's Noah when you need him!? Where I am - Trees smashing up houses, floods and 4 days with no power...	Affected individuals	Related and informative	1	en	QFL	8	4	3	139	27	0
295478486892687360	#qldfloods Offers anybody tried this kind of? http://t.co/EbKKMLsr	Not labeled	Not related	0	en	QFL	4	2	0	66	11	1
294978668491599872	RT @belungerer: @Boopio can we borrow him? there's a leak in Wivenhoe Dam he would bung nicely :) #Qldfloods	Other Useful Information	Related and informative	1	en	QFL	8	5	3	108	19	1
295445041537753088	I know my sister told me to say it, and I laughed so hard! http://t.co/pAlign6U  #bigwet	Not labeled	Not related	0	en	QFL	4	4	4	88	19	1
295559868985774081	http://t.co/E2I4gwZv  #bigwet Shiny received Quit from school with regard to submitting Lisa's photos	Not labeled	Not related	0	en	QFL	7	2	0	101	17	1
295441493152366592	http://t.co/HFZqDcW1  #qldfloods Hahah! Thus amusing!	Not labeled	Not applicable	0	en	QFL	3	0	0	53	8	1
295439773504516096	http://t.co/ImxveOTZ My partner and i laughed so desperately...  #bigwet	Not labeled	Not related	0	en	QFL	3	2	1	72	12	1
295548850561757184	#bigwet I laughed so hard you have no idea. http://t.co/AszLJXrD	Not labeled	Not related	0	en	QFL	3	2	2	64	13	1
295715674821623808	RT @USRealityCheck: Floods, high winds batter NSW, Australia: NEW SOUTH WALES, Australia, Jan. 27 (UPI) --  Ex-tropical cyclone Oswa...  ...	Caution and advice	Related and informative	1	en	QFL	16	0	0	140	19	0
297150625890832387	What The? Friday - This week, another good reason not to drive through or play in flood waters #wtfriday #bigwet http://t.co/1kPzG3fd	Affected individuals	Related and informative	1	en	QFL	9	2	0	133	23	2
297096016044359681	RT @Frack_Off: What happens when flash floods hit open-air #fracking waste water ponds?: http://t.co/65GcfwaW #Australia #coalbedmethane	Other Useful Information	Related - but not informative	1	en	QFL	13	4	0	136	20	3
295820654043856897	Has everyone lost ABC TV on the Gold Coast? #bigwet	Not labeled	Not related	0	en	QFL	7	2	0	51	10	1
296020902691368961	RT @AlexWilliamson8: So QLD is flooding &amp; half the Collingwood side is on cocaine. No surprises in todays headlines.	Other Useful Information	Related - but not informative	1	en	QFL	9	3	0	120	19	0
296106789437587456	#lca2013 #bigwet #bigwet Tim Tim Anybody know if this kind of really works?	Not labeled	Not related	0	en	QFL	8	3	0	75	13	3
294965200564662272	#australiaday #flag #aussie #australia #aussiepride #iphone5 #hdr2 #water #rain #bigwet http://t.co/jxX4ZyRH	Not labeled	Not applicable	0	en	QFL	15	2	0	108	14	10
295469863412051968	#qldfloods http://t.co/wwzHTSmb real tho!	Not labeled	Not related	0	en	QFL	3	1	0	41	7	1
295681646399717376	#qldfloods http://t.co/VizGUx6f	Not labeled	Not related	0	en	QFL	3	0	0	31	5	1
295470765191622656	http://t.co/RyUoDwHm  #bigwet We definitely not perfect yet he love my flaws I except his and in addition. It made us stronger	Not labeled	Not applicable	0	en	QFL	3	3	5	126	24	1
