266219601002647552	Nada mejor que empezar el dia con un #temblor #sismo ... better begin motion quiver geological_phenomenon earthquake geophysics energy natural_disaster geology phenomenon oscillation astronomy 2010_Haiti_earthquake geography	6	1	0	56	10	2	0
266596404695298050	Ascienden 52 los muertos y 1,2 millones de afectados por terremoto en Guatemala:      La cifra de muertos por el... http://t.co/YyCHBArU dead slain large_integer million composite_number integer geological_phenomenon earthquake geophysics energy natural_disaster geology phenomenon oscillation astronomy 2010_Haiti_earthquake geography digit decimal_digit symbol dead slain	8	1	0	136	24	0	1
266257366536839168	RT @TWCBreaking: Sad news to report from #Guatemala - at least 8 confirmed dead, possibly more, by this morning's major earthquake. network RT_(TV_network) television_station autonomous_non-commercial_organization channel feeling sadness emotion psychache info news broadcasting communication inform describe support dead perhaps major earthquake Richter_scale graduated_table logarithmic_scale geology Earth energy Seismic_scale measure_(mathematics) Ordinalskala Intervallskala force science geological_phenomenon earthquake geophysics energy natural_disaster geology phenomenon oscillation astronomy 2010_Haiti_earthquake geography	7	3	0	131	21	1	1
268737718522114048	Aumenta a 44 el número de muertos por terremoto en Guatemala http://t.co/kvZBDaUq definite_quantity number Mathematical_object Body_count body cadaver death human_anatomy guitar body human_body geological_phenomenon earthquake geophysics energy natural_disaster geology phenomenon oscillation astronomy 2010_Haiti_earthquake geography Central_American_country Guatemala Atlantic_Ocean nation Belize El_Salvador country Caribbean	5	1	0	82	16	0	1
266444965184430080	RT @ansa_live: Terremoto in Guatemala: almeno 48 morti, 23 i dispersi: Presidente, bilancio potrebbe aggravarsi http://t.co/0hTFhXPv geological_phenomenon earthquake geophysics energy natural_disaster geology phenomenon oscillation astronomy 2010_Haiti_earthquake geography Central_American_country Guatemala Atlantic_Ocean nation Belize El_Salvador country Caribbean at_any_rate change death biology faith being property process_(computing) event_(philosophy) philosophy laggard straggler head_of_state President_of_the_United_States president position statesman plan budget finance sales be_able_to turn worsen	8	0	0	132	19	0	1
269938224829456384	#Temblor♨ M 4.9, 223km NW of Saumlaki, Indonesia http://t.co/gKSGUBAP #Earthquake #Sismo geological_phenomenon earthquake geophysics energy natural_disaster geology phenomenon oscillation astronomy 2010_Haiti_earthquake geography NW_postcode_area geological_phenomenon earthquake geophysics energy natural_disaster geology phenomenon oscillation astronomy 2010_Haiti_earthquake geography	9	1	0	90	15	3	0
269887222076030976	#chile 67 km al O de Arica:  Preliminar: Si Magnitud: 3 Profundidad: 46 Km Hora cerca del Epicentro: 2012... http://t.co/JR5nimin #sismo South_American_country Chile nation country metric_linear_unit kilometre Unit_of_length Military_slang metric_system International_System_of_Units metric property magnitude mathematics degree depth metric_linear_unit kilometre Unit_of_length Military_slang unit_of_time hour unit close geographic_point epicenter	11	0	0	136	24	2	0
266301096341934080	Un sismo en Guatemala. De 7.4 grado.. Central_American_country Guatemala Atlantic_Ocean nation Belize El_Salvador country Caribbean accolade academic_degree qualification diploma	3	0	0	37	8	0	1
266223371711295488	RT @Hiper_Paiz: Los mayas estan bailando el ¡OPPA GANGNAM STYLE!  #TemblorGT American_Indian Mayan clan American-Indian_language phylum civilization move dance	7	2	0	77	11	1	1
266262009622978560	RT @MGORcolo9: Como mi #Guatemala no hay 2 a todo le buscan chiste -por eso ay qe chupar ay que chupar que el mundo se va a acabar haha  ... network RT_(TV_network) television_station autonomous_non-commercial_organization channel exist search Punch_line_(ice_hockey) drink suck drink suck concern earth move surface finish	6	4	4	140	29	1	0
266225116524982274	RT @BillWixey: BREAKING: A 7.5-magnitude earthquake has hit off the coast of Guatemala, according to the U.S. Geological Survey. change_of_integrity break geological_phenomenon earthquake geophysics energy natural_disaster geology phenomenon oscillation astronomy 2010_Haiti_earthquake geography impel hit hit_off shore coast landform area Central_American_country Guatemala Atlantic_Ocean nation Belize El_Salvador country Caribbean jibe agree republic United_States North_American_country nation country permanent_member_of_the_United_Nations_Security_Council constitutional_republic Geological_survey United_States_Geological_Survey authority earth_science geology science Earth organization Geological_survey Survey_methodology	7	4	0	128	22	0	1
266290342167474176	“@FoxNews: Magnitude-7.4 earthquake strikes off coast of Guatemala, reportedly killing at least 15 http://t.co/ByGL3U8T” - praying for Guat. geological_phenomenon earthquake geophysics energy natural_disaster geology phenomenon oscillation astronomy 2010_Haiti_earthquake geography job_action strike Workplace_conflict shore coast landform area Central_American_country Guatemala Atlantic_Ocean nation Belize El_Salvador country Caribbean reportedly kill commune pray Gueuche_noir	7	3	0	144	22	0	1
267846944821493761	#terremoto report M 4.7, offshore Guatemala: Monday, November 12, 2012 03:31:17 UTCSunday, November 11, 2012 09:... http://t.co/ve3Hshql V document report work work offshore Central_American_country Guatemala Atlantic_Ocean nation Belize El_Salvador country Caribbean weekday Monday day_of_the_week month November Gregorian_calendar_month Ou_Nederlandse_maandname day November_12 month November Gregorian_calendar_month Ou_Nederlandse_maandname public_holiday Veterans_Day day Public_holidays_in_France Federal_holidays_in_the_United_States holiday	10	0	0	138	24	1	1
266256972284846080	RT @BBCBreaking: At least 8 people reported dead following earthquake off Pacific coast of Guatemala http://t.co/FT1pfqr2 group people social_group announce report dead move follow geological_phenomenon earthquake geophysics energy natural_disaster geology phenomenon oscillation astronomy 2010_Haiti_earthquake geography ocean Pacific_Ocean Earth coast Pacific_coast shore coast landform area Central_American_country Guatemala Atlantic_Ocean nation Belize El_Salvador country Caribbean	6	3	0	121	19	0	1
266239632998555648	Presidente Otto Pérez declares red alert in all of the country of #Guatemala.  Insivumeh removed the tsunami alert. http://t.co/peqm3GGH brand Presidente_(beer) last_name Otto_(surname) human Otto_Pérez_Molina politician officer say declare red alert red_alert preparation alert people nation country political_entity Political_division organization terminology Community_(Wales) authority Instituto_Nacional_de_Sismología,_Vulcanología,_Meteorología_e_Hidrología remove disaster tsunami wave natural_disaster System Tsunami_warning_system preparation alert	9	2	0	137	23	1	1
266221299712552960	Impactantes imágenes de la devastación luego del temblor #TemblorGT http://t.co/l59X7nde representation image Artifact_(error) pillage devastation then geological_phenomenon earthquake geophysics energy natural_disaster geology phenomenon oscillation astronomy 2010_Haiti_earthquake geography	5	1	0	90	15	1	1
271677439099428865	Situación en Navidad: autoridades no descartaron que pueda haber un temblor de mayor intensidad #sismo http://t.co/tFlYMcHp vía @soychilecl state state_of_affairs concept public_holiday Christmas feast_day holy_day_of_obligation quarter_day Christianity commemoration abbreviation polity regime governance declare count_out be_able_to be motion quiver greater magnitude intensity measure_(mathematics) geological_phenomenon earthquake geophysics energy natural_disaster geology phenomenon oscillation astronomy 2010_Haiti_earthquake geography	8	1	0	141	23	1	0
270533623042670593	RT @amnestyitalia: #Guatemala: “Le ossa raccontano una storia” http://t.co/MxAZt9zJ #antropologia #giustizia @personedignita connective_tissue bone organ inform narrate humanities history bibliography abstract_object organization presentation social_science anthropology Scientific_study natural_virtue justice righteousness abstract_noun concept	5	5	0	128	15	3	0
271392582964236288	ALERTA #Sismo con Magnitud 1.4, 36km E en Lazy Mountain #Alaska disaster Alerta geological_phenomenon earthquake geophysics energy natural_disaster geology phenomenon oscillation astronomy 2010_Haiti_earthquake geography ratio order_of_magnitude number Level_of_measurement Geographical_feature Lazy_Mountain,_Alaska Census-designated_place American_state Alaska U.S._state	8	1	0	63	12	2	0
269125175759495168	RT @SanRomanMario: #Sismo de 6.38, epicentro en Guerrero geological_phenomenon earthquake geophysics energy natural_disaster geology phenomenon oscillation astronomy 2010_Haiti_earthquake geography geographic_point epicenter person warrior profession combat	6	0	0	56	9	1	0
272146240656003073	RT@Lupita_Fans: EN VIVO! Red carpet de @lupita_film con @DulceMaria en @festivalicaro ~» http://t.co/TP5bRiqi #Guatemala	0	0	0	121	17	1	0
268469396320686082	Únanse al fanpage del certamen #MissTeenUniverse #Guatemala http://t.co/PXwXYHd6 @TeenUniverseOfi	5	1	1	98	12	2	0
266278547767828481	100 personas desaparecidas y 15 muertos por sismo en Guatemala, es ciertoo??! :O being person causal_agency subjectivism subject human missing_person person missing dead slain Central_American_country Guatemala Atlantic_Ocean nation Belize El_Salvador country Caribbean	5	0	0	80	13	0	1
272490458779897856	flat skate sesh #skateboarding #skatelide #sky #sunset #Guatemala @guatephotos #xela . #life #weekend http://t.co/iJxhDSOT flat sports_equipment skate skate skateboard atmosphere sky astronomy sunset Central_American_country Guatemala Atlantic_Ocean nation Belize El_Salvador country Caribbean existence life album Jumping_All_Over_the_World	17	2	0	122	16	8	0
266227876389584896	RT @CIMATCHILE: TERREMOTO : con magnitud de 7.5 con epicentro en la costa entre Chiapas y Guatemala. http://t.co/hPImPLUk geological_phenomenon earthquake geophysics energy natural_disaster geology phenomenon oscillation astronomy 2010_Haiti_earthquake geography ratio order_of_magnitude number Level_of_measurement geographic_point epicenter shore coast landform area flag Chiapas state_of_Mexico nation Central_American_country Guatemala Atlantic_Ocean nation Belize El_Salvador country Caribbean	8	0	0	121	21	0	1
266248667562905600	RT @CNNEE: El presidente de #Guatemala dice que hay alerta de tsunami, viviendas totalmente destruidas y evalúan posibles muertes network RT_(TV_network) television_station autonomous_non-commercial_organization channel head_of_state President_of_the_United_States president position statesman Presidente_de_Guatemala inform tell exist settlement Alerta Cities_of_Japan System Tsunami_warning_system disaster tsunami wave natural_disaster house home abode housing settlement place completely wrecked possible change death biology faith being property process_(computing) event_(philosophy) philosophy	7	3	0	130	20	1	1
266282909848182784	Gente, o temblor da Guatemala e México foi forte? Chegando agora song Gente be now	4	2	0	65	12	0	1
266594970272690176	Guatemala hunt for quake missing http://t.co/FLmS3eQC #Caribbean #LatAm blood_sport hunting field_sport activity practice geological_phenomenon earthquake geophysics energy natural_disaster geology phenomenon oscillation astronomy 2010_Haiti_earthquake geography want miss	4	1	0	71	11	2	1
269938728120745984	#Venezuela envió a #Guatemala 50 toneladas de alimentos http://t.co/idWu9T5B South_American_country Venezuela nation country transfer mail metric_weight_unit tonne unit_of_energy unit_of_mass unit solid food object body	6	1	0	77	12	2	0
266140274156240896	Posibles fechas de #MägodeOz: 8 de Febrero en #Guatemala. 14 de Marzo en #Chile (mismo día que Turisas...). 23 de Marzo en #Argentina. day date month February Gregorian_calendar_month Ou_Nederlandse_maandname Central_American_country Guatemala Atlantic_Ocean nation Belize El_Salvador country Caribbean month March Gregorian_calendar_month South_American_country Chile nation country same unit_of_time day International_System_of_Units month March Gregorian_calendar_month country Argentina South_American_country nation	14	0	1	136	25	4	0
271938257703559168	#LatijnsAmerika - 8,3% van de latino's is ondervoed, zegt FAO. #Guatemala aan top met 30%. #Bolivia en #Paraguay volgen met rond 25%.	10	4	1	133	23	4	0
269552113959452672	Nose si pasar Navidad en #SanMarcos :/ public_holiday Christmas feast_day holy_day_of_obligation quarter_day Christianity commemoration abbreviation	2	1	0	38	6	1	0
270569413042921473	Empezó a moverse la semana =) ... bueno, a un mes del pronosticado fin del mundo... es cosa de esperar! #sismo be_active good period month unit_of_time state death destiny day_of_reckoning concern earth comprise attribute thing wish desire geological_phenomenon earthquake geophysics energy natural_disaster geology phenomenon oscillation astronomy 2010_Haiti_earthquake geography	8	2	0	111	19	1	0
267770407166300160	RT @NewEarthquake: Revised (6.2 -&gt; 6.5): 6.5 earthquake, 30km WSW of Champerico, Guatemala. Nov 11 16:15 at epicenter (49m ago, depth ... Magic:_The_Gathering 10th_Edition set magic geological_phenomenon earthquake geophysics energy natural_disaster geology phenomenon oscillation astronomy 2010_Haiti_earthquake geography compass_point west_southwest cartography unit_of_angle settlement Champerico municipality month November Gregorian_calendar_month Ou_Nederlandse_maandname public_holiday Veterans_Day day Public_holidays_in_France Federal_holidays_in_the_United_States holiday geographic_point epicenter extent deepness	11	1	0	140	25	0	1
266281894834995201	RT @NewEarthquake: 5.0 earthquake, 41km SW of Champerico, Guatemala. Nov 7 13:55 at epicenter (33m ago, depth 35km). http://t.co/rCMaHauj geological_phenomenon earthquake geophysics energy natural_disaster geology phenomenon oscillation astronomy 2010_Haiti_earthquake geography compass_point sou'-west settlement Champerico municipality Central_American_country Guatemala Atlantic_Ocean nation Belize El_Salvador country Caribbean month November Gregorian_calendar_month Ou_Nederlandse_maandname day November_7 geographic_point epicenter extent deepness	11	1	0	137	24	0	1
267761129386807296	Amparalos y protegelos Señor, Amen. RT noticias24: ALERTA Un fuerte sismo de magnitud 6,2 sacude Guatemala (USGS) ruler master disaster Alerta strong property magnitude mathematics Central_American_country Guatemala Atlantic_Ocean nation Belize El_Salvador country Caribbean Geological_survey United_States_Geological_Survey authority	10	1	0	114	19	0	1
266234029412605952	RT @TheWatchers_: Massive earthquake M 7.4 strikes Guatemala http://t.co/X19d1kuR geological_phenomenon earthquake geophysics energy natural_disaster geology phenomenon oscillation astronomy 2010_Haiti_earthquake geography job_action strike Workplace_conflict	7	1	0	81	13	0	1
268954295637008385	RT @ActualidadRT: #Sismo de 6,3 grados estremece varias regiones de #Chile http://t.co/RCQ76GjN comune Grado,_Friuli-Venezia_Giulia excite thrill location part Administrative_divisions_of_Chile region_of_Chile administrative_division South_American_country Chile nation country	8	1	0	95	16	2	0
266418142576791552	Guatemala Suffers a Major Quake - Wall Street Journal: Wall Street JournalGuatemala Suffers a Major QuakeWall St... http://t.co/Jh9LuP1o Central_American_country Guatemala Atlantic_Ocean nation Belize El_Salvador country Caribbean pain suffering experience commissioned_military_officer major field_officer geological_phenomenon earthquake geophysics energy natural_disaster geology phenomenon oscillation astronomy 2010_Haiti_earthquake geography partition wall Structure street Wall_Street Financial_District newspaper The_Wall_Street_Journal company City Presse_écrite daily_newspaper magazine thoroughfare street architectural_structure state_highway piece_of_writing diary Service_record Literary_genre partition wall Structure street Wall_Street Financial_District thoroughfare street architectural_structure state_highway pain suffering experience commissioned_military_officer major field_officer	14	1	0	136	20	0	1
268399024275591169	State Farm Insurance in #SanMarcos, #TX - http://t.co/x1tpEtfs attribute state company State_Farm_Insurance Mutual_insurance company State_Farm_Insurance Mutual_insurance workplace farm building Rural_settlement area home protection insurance principle risk_management City San_Marcos,_Texas county_seat American_state Texas U.S._state expression	6	0	0	62	10	2	0
266682069155983361	Mañana a las 4:00 a pijear a Islas Salomon #Guatemala #FuerzaGuate #FuerzaSanMarcos @todosConGUATE album Mañana_(album) land island landform location place Geographical_feature composition archipelago Solomon_Islands island_nation Commonwealth_realm nation given_name Salomon last_name name	7	2	0	99	15	3	0
266289704603901953	BBC News - Strong earthquake off Guatemala http://t.co/LD7mbN6x company BBC Statutory_corporation corporation info news broadcasting communication earthquake Richter_scale graduated_table logarithmic_scale geology Earth energy Seismic_scale measure_(mathematics) Ordinalskala Intervallskala force science geological_phenomenon earthquake geophysics energy natural_disaster geology phenomenon oscillation astronomy 2010_Haiti_earthquake geography	5	0	0	63	10	0	1
266241893736804352	RT @BrujoBarbujo: Que feo, miren como quedo en SAN MARCOS, GUATEMALA después del sismo de 7.5 en la escala de Richter :( http://t.co/MSI ... chemical_compound Iron(II)_oxide iron_oxide look fit fit framework frame after criterion graduated_table earthquake Richter_scale graduated_table logarithmic_scale geology Earth energy Seismic_scale measure_(mathematics) Ordinalskala Intervallskala force science last_name Richter_(surname)	9	2	0	141	27	0	1
266252304016101376	#TemblorGt en el peor momento, cabal cuando me estaba bañando O.O worse time moment good cleanse bathe	2	1	1	66	13	1	1
266627224445263873	Suman 52 los muertos y 1.2 millones de afectados por terremoto en Guatemala | Siempre! http://t.co/iFj1SbBb rice_cake Suman_(food) dead slain large_integer million composite_number integer geological_phenomenon earthquake geophysics energy natural_disaster geology phenomenon oscillation astronomy 2010_Haiti_earthquake geography Central_American_country Guatemala Atlantic_Ocean nation Belize El_Salvador country Caribbean album Siempre_(Magneto_album)	6	2	0	107	19	0	1
268229540847943680	RT @wikisismos: AHORA - #Sismo de M 5.1, 132km S of Masset, Canada http://t.co/r5Wva20j #jishin #quake geological_phenomenon earthquake geophysics energy natural_disaster geology phenomenon oscillation astronomy 2010_Haiti_earthquake geography North_American_country Canada nation Maritime_boundary Dominion Commonwealth_realm country video_game Quake_(video_game) Shooter_game	12	2	0	102	19	3	0
266895374684409857	RT @gnava72: AMIGOS HOY TENEMOS que ayudar a los hermanos que sufrieron el terremoto en GUATEMALA apolla a los centros de acopio en tu c ... person friend album Hoy_(álbum_de_OV7) finance back relative sibling kinship perceive hurt geological_phenomenon earthquake geophysics energy natural_disaster geology phenomenon oscillation astronomy 2010_Haiti_earthquake geography Central_American_country Guatemala Atlantic_Ocean nation Belize El_Salvador country Caribbean point midpoint Point_(geometry) production Centros_de_acopio	10	3	1	140	25	0	1
266224659341639680	RT @CajaVacia_: Tranquilos, no se preocupen por el temblor... es Goku entrenando para su regreso en el 2013. #TemblorGT http://t.co/NwGGAs7E worry motion quiver comprise develop condition arrival homecoming	8	3	1	140	23	1	1
266222126007197696	Strong tremor felt in Guatemala City, El Salvador: GUATEMALA CITY (Reuters) - A strong earthquake shook building... http://t.co/UMauuZrS earthquake tremor feel national_capital Guatemala_City city_with_millions_of_inhabitants capital City provincial_capital municipality metropolis urban_area City angular_position altitude Celestial_coordinate_system Central_American_country El_Salvador nation country Central_American_country El_Salvador nation country national_capital Guatemala_City city_with_millions_of_inhabitants capital City provincial_capital municipality metropolis urban_area City division Reuters company news_agency strong earthquake Richter_scale graduated_table logarithmic_scale geology Earth energy Seismic_scale measure_(mathematics) Ordinalskala Intervallskala force science geological_phenomenon earthquake geophysics energy natural_disaster geology phenomenon oscillation astronomy 2010_Haiti_earthquake geography move shake create build	9	3	0	136	20	0	1
267337580184494080	@Felipe_Pelaez venga a darse una vuelta por #Guatemala hermano... arrive arrival homecoming female_sibling sister	4	1	0	65	9	1	0
266280611365408768	RT @RodriguezPancho: Mucha Fuerza para  #Guatemala #ElSalvador #México network RT_(TV_network) television_station autonomous_non-commercial_organization channel physical_phenomenon force physical_quantity	9	0	0	71	9	3	0
266379798258016257	RT @prensa_libre: #BVoluntarios reportan incendio a inmediaciones del Hospital de #SanMarcos. press free_press inform describe fire conflagration fire event_(philosophy) section neighbourhood Ortsteil settlement human_geographic_territorial_entity community health_facility hospital institution health_facility	7	1	0	93	11	2	0
266357065121943552	RT @SinEmbargoMX: La OEA envía sus condolencias a Guatemala por víctimas del terremoto http://t.co/ADiltif3 global_organization Organization_of_American_States International_organization transfer mail acknowledgment condolence expression Central_American_country Guatemala Atlantic_Ocean nation Belize El_Salvador country Caribbean unfortunate victim geological_phenomenon earthquake geophysics energy natural_disaster geology phenomenon oscillation astronomy 2010_Haiti_earthquake geography	6	2	0	109	19	0	1
272523086270693376	#Guatemala Italy: More than 350 African migrants intercepted off Italy http://t.co/XEp5LOWG #crisismanagement European_country Italy nation country member_state_of_the_United_Nations member_state_of_the_Council_of_Europe social_state Member_state_of_the_European_Union Parliamentary_republic unitary_state difference inequality person African taxon Catopsilia_florella butterfly traveler migrant eavesdrop intercept European_country Italy nation country member_state_of_the_United_Nations member_state_of_the_Council_of_Europe social_state Member_state_of_the_European_Union Parliamentary_republic unitary_state Process_(engineering) Crisis_management	7	1	0	109	15	2	0
266236386632417281	RT @radioyskl: Reporta La Red de Guatemala Fue afectada la ciudad de San Marcos por el fuerte sismo http://t.co/JjG43Zaj  http://t.co/l ... network RT_(TV_network) television_station autonomous_non-commercial_organization channel scheme network settlement City settlement Ciudad_de_San_Marcos person saint deity framework frame strong	10	1	0	139	26	0	1
271031843422351360	@ASOT600CA: Quienes iran a Steve Aoki y Emma hewitt? #guatemala \©/	7	1	1	68	10	1	0
266256703832588288	RT @24HorasTVN: Impactantes imágenes de destrozos tras #sismo 7,4 #Richter en #Guatemala. FOTOS: http://t.co/NJMaSxuQ representation image Artifact_(error) devastation wrecking nursing Central_American_country Guatemala Atlantic_Ocean nation Belize El_Salvador country Caribbean representation photograph work_of_art image	10	0	0	118	19	3	1
268266719179583488	#Temblor♨ M 4.4, 1km WSW of Delianuova, Italy http://t.co/fsku8L1q #Earthquake #Sismo geological_phenomenon earthquake geophysics energy natural_disaster geology phenomenon oscillation astronomy 2010_Haiti_earthquake geography compass_point west_southwest cartography unit_of_angle comune Delianuova European_country Italy nation country member_state_of_the_United_Nations member_state_of_the_Council_of_Europe social_state Member_state_of_the_European_Union Parliamentary_republic unitary_state geological_phenomenon earthquake geophysics energy natural_disaster geology phenomenon oscillation astronomy 2010_Haiti_earthquake geography	9	1	0	87	15	3	0
265845007729192960	La agrupación guatemalteca el @Tambordlatribu anunció presentaciones en Estados Unidos y México #Guatemala activity grouping inform announce ceremony presentation republic United_States North_American_country nation country permanent_member_of_the_United_Nations_Security_Council constitutional_republic album Unidos	7	1	1	109	15	1	0
266224785179168768	RT @EJerezESPN: Me dicen que el temblor también se sintió en Guatemala y Honduras. #Solidaridad con todos. utter say geological_phenomenon earthquake geophysics energy natural_disaster geology phenomenon oscillation astronomy 2010_Haiti_earthquake geography perceive feel Central_American_country Guatemala Atlantic_Ocean nation Belize El_Salvador country Caribbean republic Honduras Central_American_country nation country municipality Solidaridad,_Quintana_Roo Municipalities_of_Brazil	6	2	4	108	18	1	1
266515446243684352	Al menos 48 muertos por fuerte sismo en Guatemala: El gobierno de Guatemala declaró la alerta roja tras el sismo... http://t.co/0ZUApj2q least person deceased strong social_control governance policy political_organisation System institution assert allege disaster Alerta Alerta_roja red	7	2	0	137	24	0	1
266270557606125569	#TopStories:  Strong quake off Guatemala kills 8, felt in Mexico City - Reuters http://t.co/a6keYjdo #MixAlotDjz City Strong,_Arkansas geological_phenomenon earthquake geophysics energy natural_disaster geology phenomenon oscillation astronomy 2010_Haiti_earthquake geography be kill be feel national_capital Mexico_City City city_with_millions_of_inhabitants capital provincial_capital federal_district settlement City settlement division Reuters company news_agency	7	2	0	112	17	2	1
267760181482500097	RT @CNNMex: ÚLTIMA HORA: Un sismo de 6.2 grados Richter cimbra Guatemala  http://t.co/X157c5p3 time standard_time geological_phenomenon earthquake geophysics energy natural_disaster geology phenomenon oscillation astronomy 2010_Haiti_earthquake geography Central_American_country Guatemala Atlantic_Ocean nation Belize El_Salvador country Caribbean	5	3	0	95	17	0	1
272572008645132288	#Sismo 4,1 . 4km al O de Valparaiso. geological_phenomenon earthquake geophysics energy natural_disaster geology phenomenon oscillation astronomy 2010_Haiti_earthquake geography port Valparaiso metropolis municipality City commune_of_Chile	3	1	0	36	8	1	0
266859278499995648	DEPORTES: goool  salomónico! amplían el marcador. #Guatemala 2-3 #IslasSalomón. Restan 11:10 por jugar. Segundo tiempo. @MLorenzo_td recreation athletics exercise individual_sport Olympic_sport activity type_of_sport System increase blow_up board scoreboard signboard act play attribute time scalar term entity dimension measure_(mathematics)	7	4	0	135	21	2	0
265889370882580480	Se pudrió todo @cobreloa @hmarambi Palos es baja contra #sanmarcos y @Juegoypasion dice que Contreras se lesionó y jugará Acevedo. #cobreloa playing_card suit Category_of_being unfasten unbend utter say hurt injure act play	8	4	3	143	21	2	0
266226622305288193	El sismo de 7.5 Grados que ocurrió en Guatemala ha Producido daños materiales casas desplomadas según los Medios. #Caracas #Maracaibo #Peru accolade academic_degree qualification diploma become occur be change damage material building house home Structure residential_building decrease break instrumentality transport motion technology geography logistics movement people material national_capital Caracas city_with_millions_of_inhabitants City settlement provincial_capital World's_largest_cities port Maracaibo metropolis city_with_millions_of_inhabitants City municipality republic Peru South_American_country nation country	13	1	1	142	24	3	1
267841609691967488	#Sismo M 4.7, offshore Guatemala: November 12, 2012 03:31:17 GMT http://t.co/d9fLZf2J offshore Central_American_country Guatemala Atlantic_Ocean nation Belize El_Salvador country Caribbean month November Gregorian_calendar_month Ou_Nederlandse_maandname day November_12	6	0	0	85	17	1	1
272511417746350080	#ClimaGT A las 19 hrs. en la Ciudad de #Guatemala se registra una temperatura de 14 grados. Se aprecian algunas nubes y viento a 7.2 m/s settlement City settlement national_capital Guatemala_City city_with_millions_of_inhabitants capital City provincial_capital save enter fundamental_measure temperature physical_property function_of_state physical_quantity state_variable angular_unit degree unit_of_angle consider value atmospheric_phenomenon cloud mass crystal weather wind atmosphere Earth climate nature motion flow rapper	10	2	2	136	28	2	0
266366972067987458	RT @Radio13Noticias: Expresa El Salvador condolencias por víctimas de sismo en Guatemala http://t.co/UxwJOkag Central_American_country El_Salvador nation country acknowledgment condolence expression unfortunate victim	6	2	0	110	17	0	1
269888128041508864	The Maya http://t.co/94utuStG Not only in #Mexico but in Central America: #ElSalvador #Honduras #Guatemala American_Indian Mayan clan American-Indian_language phylum civilization isthmus Central_America Geographical_feature continent region republic Honduras Central_American_country nation country	10	1	0	106	17	4	0
265818847867707392	#Guatemala : La plus ancienne tombe #Maya a été découverte http://t.co/LhOS8uD8 increasingly old displace drop American_Indian Mayan clan American-Indian_language phylum civilization comprise	3	1	0	82	14	2	0
266928174141693952	#Temblor♨ M 5.3, 27km NW of Labuhankananga, Indonesia http://t.co/chbjixqa #Earthquake #Sismo	0	0	0	95	15	3	0
267409659294523392	61 km al SE de Copiapó http://t.co/t93IxCUV #Terremoto #Temblor  #sismos #chile #sismo metric_linear_unit kilometre Unit_of_length Military_slang geological_phenomenon earthquake geophysics energy natural_disaster geology phenomenon oscillation astronomy 2010_Haiti_earthquake geography motion quiver South_American_country Chile nation country	10	1	1	87	15	5	0
266363352387829761	RT @AristeguiOnline: Destacamos. 39 muertos y 155 heridos deja sismo de 7.2 grados en Guatemala http://t.co/uendh2wR dead slain damage wound injury leave accolade academic_degree qualification diploma Central_American_country Guatemala Atlantic_Ocean nation Belize El_Salvador country Caribbean	8	1	0	116	20	0	1
268438199112708097	RT @CIVgt: Ministro de Comunicaciones @ASinibaldi coordina trabajos de limpieza y demolición en #SanMarcos. @ottoperezmolina http://t.co ... executive minister politician act communication behavior meet coordinate activity job labour Expressão_idiomática hypothesis improvement cleansing construction demolition waste building	7	1	0	141	19	1	1
266223845659250689	Un sismo de 7,5 grados en la escala de Richter se registró en Guatemala. El movimiento sísmico también se sintió en México. valuation grade criterion graduated_table earthquake Richter_scale graduated_table logarithmic_scale geology Earth energy Seismic_scale measure_(mathematics) Ordinalskala Intervallskala force science last_name Richter_(surname) save enter happening motion event_(philosophy) geological_phenomenon earthquake geophysics energy natural_disaster geology phenomenon oscillation astronomy 2010_Haiti_earthquake geography perceive feel	7	2	2	128	26	0	1
267455549178777601	@CNNEE: Un #sismo de magnitud 6,6 sacude #Myanmar http://t.co/k5WAh7UQ geological_phenomenon earthquake geophysics energy natural_disaster geology phenomenon oscillation astronomy 2010_Haiti_earthquake geography ratio order_of_magnitude number Level_of_measurement Asian_country Burma country nation	6	1	0	70	13	2	0
268507824559116289	sonora969, @sonora969 es ahora una tendencia en #Guatemala http://t.co/1bWleUdG be currently attitude disposition entity habit	5	0	0	79	12	1	0
267031949623820288	RT @PinchaPasion: #EDLP Justo Villar NO fue convocado por Peluffo para el amistoso de #Paraguay vs #Guatemala del 14 de noviembre association_football_club Club_Estudiantes_de_La_Plata human Justo_Villar Professionalism_in_association_football municipality Villar_(Soba) locality state nonbeing comprise collect marshal soldiery friendly republic Paraguay South_American_country nation landlocked_country Central_American_country Guatemala Atlantic_Ocean nation Belize El_Salvador country Caribbean month November Gregorian_calendar_month Ou_Nederlandse_maandname	13	1	0	129	21	3	0
266230682383167489	Quake hits Central America, Mexico: A 7.4-magnitude earthquake hit Wednesday off the coast of Guatemala, near it... http://t.co/Phe4LCpw geological_phenomenon earthquake geophysics energy natural_disaster geology phenomenon oscillation astronomy 2010_Haiti_earthquake geography impel hit isthmus Central_America Geographical_feature continent region republic United_States North_American_country nation country permanent_member_of_the_United_Nations_Security_Council constitutional_republic geological_phenomenon earthquake geophysics energy natural_disaster geology phenomenon oscillation astronomy 2010_Haiti_earthquake geography impel hit weekday Wednesday day_of_the_week shore coast landform area	8	2	1	136	23	0	1
269600973389983745	RT @EmisorasUnidas: #TitularesEU: Para el lunes se anuncia otra demanda contra cinco comercios de #SanMarcos que también incurrieron en  ... weekday Monday day_of_the_week praise promote economic_process demand Bedarf commerce trade activity subject incur	7	2	2	141	20	2	0
266320566313701376	Forte terremoto na Guatemala deixa 39 mortos http://t.co/US6lYF96 dictator strongman politician geological_phenomenon earthquake geophysics energy natural_disaster geology phenomenon oscillation astronomy 2010_Haiti_earthquake geography fail people dead	1	2	0	65	11	0	1
266226160919257088	RT @JelipeCalderron: Ese #temblor destruyo toda #Guatemala, se ve toda madrea… ah, ¿ya estaba así de culera antes del temblor? motion quiver destroy move so motion quiver	7	3	2	130	20	2	1
266287267713253376	#WorldNews! 15 feared dead and 100 people could be #missing in #Guatemala after #quake http://t.co/uHNST8Dz fear dead group citizenry lack geological_phenomenon earthquake geophysics energy natural_disaster geology phenomenon oscillation astronomy 2010_Haiti_earthquake geography	4	5	0	107	18	4	1
266237602980564993	RT @pentarojo: Medios internacionales manejan como Terremoto el sismo ocurrido en Guatemala ! instrumentality medium tool entity computer_memory channel international control manage geological_phenomenon earthquake geophysics energy natural_disaster geology phenomenon oscillation astronomy 2010_Haiti_earthquake geography come_about Central_American_country Guatemala Atlantic_Ocean nation Belize El_Salvador country Caribbean	5	1	0	93	12	0	1
266853435842895873	RT @Claire_Pain: #Témoignage exceptionnel, celui d’#Alma, ex-marera d’un des #gangs les plus violents du #Guatemala. A voir sur http://t ... evidence testimony exceptional association gang organized_crime social_group group increasingly forcible Central_American_country Guatemala Atlantic_Ocean nation Belize El_Salvador country Caribbean perceive see communications_protocol HTTP Application_layer	8	3	1	145	24	3	0
271315130946580480	@SelAca10 Muy linda te vistes como siempre Saludos &amp; muchos abrazos :* #Guatemala bonnie change dress always acknowledgment greeting embrace hug touch website	6	3	1	85	12	1	0
266228090299101186	#SabiasQue los #seguros cubren los daños a tu #auto por #SISMO aún con cobertura limitada  @Foro_TV @TapiaFernanda @marthadebayle @POLICIADF protection insurance principle risk_management adjoin cover change damage motor_vehicle automobile geological_phenomenon earthquake geophysics energy natural_disaster geology phenomenon oscillation astronomy 2010_Haiti_earthquake geography still protection hedge Position_(finance)	7	2	0	142	21	4	0
266249103762153472	RT @humbertosilvab: Graves daños en #Guatemala producto de fuerte #Sismo  http://t.co/ZQVE3Jho  Vía @maxjimenezc @terceracoquimbo @CB_Co ... change damage good product strong artifact track Structure	9	1	0	142	20	2	1
269787141771501569	#Sismo #Earthquake M 4.6, 103km NNW of Dobo, Indonesia: Saturday, November 17, 2012 12:22:1... http://t.co/CCQLdJVT http://t.co/NlruPi7O geological_phenomenon earthquake geophysics energy natural_disaster geology phenomenon oscillation astronomy 2010_Haiti_earthquake geography compass_point NNW bronchodilator aminophylline chemical_compound Active_ingredient alkaloid pharmaceutic archipelago Indonesia republic country nation Colony Presidential_system island_nation constitutional_republic weekday Saturday day_of_the_week month November Gregorian_calendar_month Ou_Nederlandse_maandname day November_17	10	0	0	136	25	2	0
269440893600268288	RT“@SectyEC: #earthquake Hora UTC: 2012/11/16 12:38:12.1 UTC mag: 3.3, Lat: -22.592, Lon: -69.168, Loc: 27 km al SO de Calama #chile #sismo” geological_phenomenon earthquake geophysics energy natural_disaster geology phenomenon oscillation astronomy 2010_Haiti_earthquake geography ring_dance hora_(dance) Greenwich_Mean_Time coordinated_universal_time time_zone time_standard Greenwich_Mean_Time coordinated_universal_time time_zone time_standard publication magazine press periodical skeletal_muscle latissimus_dorsi muscle LoC metric_linear_unit kilometre Unit_of_length Military_slang metal aluminium boron_group Period_3_element chemical_element City Calama commune_of_Chile settlement South_American_country Chile nation country	13	1	0	144	31	3	0
266399381467590656	RT @lnfoNarco: Video: Narcos le da miedo Temblor en Mexico y Guatemala de 7.3 ? http://t.co/L1uSKJeS network RT_(TV_network) television_station autonomous_non-commercial_organization channel recording video analog_signal electronic_media technology transfer give album Miedo_(álbum) geological_phenomenon earthquake geophysics energy natural_disaster geology phenomenon oscillation astronomy 2010_Haiti_earthquake geography republic Mexico North_American_country nation country Central_American_country Guatemala Atlantic_Ocean nation Belize El_Salvador country Caribbean	9	1	1	100	19	0	1
266229025624715264	RT @El_Universal_Mx: #SISMO Pegan dos temblores al #DF; no hay afectaciones: #GDF.  http://t.co/8PyEMTRy motion quiver national_capital Mexico_City City city_with_millions_of_inhabitants capital provincial_capital federal_district exist pretence affectation executive Gobierno_del_Distrito_Federal	9	2	0	104	16	3	0
266647910781956097	@grapegrind Do you sell #rum from #Guatemala? change sell booze rum Zigarrenbrand alcoholic_beverage Central_American_country Guatemala Atlantic_Ocean nation Belize El_Salvador country Caribbean	3	2	1	45	7	2	0
266445707572039680	I miss #Guatemala and I'm thinking and praying for it. want miss beauty_pageant Miss_Guatemala judge think commune pray	2	4	3	54	11	1	0
266677048607657985	RT @frisianpride_en: Good luck to our Guatemalan followers #SanMarcos #StayStrong ideal value value property fate good_fortune phenomenon luck superstition Tro philosophy concept Central_American Guatemalan person follower	8	0	0	81	10	2	1
266339583296430081	RT @JoseCardenas1: el temblor de Chiapas... fue terremoto para Guatemala... hay 39 muertos y cientos de personas atrapadas entre los esc ... geological_phenomenon earthquake geophysics energy natural_disaster geology phenomenon oscillation astronomy 2010_Haiti_earthquake geography flag Chiapas state_of_Mexico nation comprise geological_phenomenon earthquake geophysics energy natural_disaster geology phenomenon oscillation astronomy 2010_Haiti_earthquake geography Central_American_country Guatemala Atlantic_Ocean nation Belize El_Salvador country Caribbean exist natural_object body being person causal_agency subjectivism subject drug-addicted	7	0	1	140	21	0	1
266222247642005504	Sismo en Guatemala, ¿Esta bien toda mi gente de esa zona? Central_American_country Guatemala Atlantic_Ocean nation Belize El_Salvador country Caribbean good song Gente part zone	4	0	0	58	11	0	1
269529070457458688	Fotos De #Guatemala Lapidas y esfuerzos: ChinoEstrada posted a photo:   http://t.co/3gny0otZ pictorial_representation photography photography Subcategory art science toil elbow_grease idiom	8	0	0	92	14	1	0
266938529899216896	@futbolgrande780: Ever Almeida Se confirmó el amistoso ante Paraguay #Guatemala que vergüenza me da la selección support soldiery friendly republic Paraguay South_American_country nation landlocked_country Central_American_country Guatemala Atlantic_Ocean nation Belize El_Salvador country Caribbean dishonour shame emotion affect transfer give choice election	7	2	2	115	18	1	0
266273296520192000	Bomberos de San Marcos (sur-occidente) reportan alrededor de 15 fallecidos y más de 100 personas desaparecidas por terremoto en Guatemala defender firefighter profession laborer rescuer person saint deity framework frame inform describe about being person causal_agency subjectivism subject human missing_person person missing geological_phenomenon earthquake geophysics energy natural_disaster geology phenomenon oscillation astronomy 2010_Haiti_earthquake geography	7	1	0	138	22	0	1
271051812520468480	¡Me fascina ese lugar! RT @CNNEE #Tikal, una metrópoli que preserva las maravillas del mundo #maya http://t.co/x3nLfVLV  #Guatemala interest intrigue point place entity network RT_(TV_network) television_station autonomous_non-commercial_organization channel Tikal municipality metropolis urban_area City hold preserve excellence admirableness monument Seven_Wonders_of_the_Ancient_World architectural_structure concern earth	11	2	2	133	22	3	0
271087602533269504	Felicidades a el equipo de baloncesto de #SanMarcos por su cuarta corona consecutiva song Felicidad_(canción) social_unit team organization group team basketball_team court_game basketball ball_game team_sport Estonian_monetary_unit kroon consecutive	5	0	0	84	13	1	0
268025685120008194	#Guatemala: 50% #Descuento en el Test de Embarazo * Durante todo el mes de Noviembre! * Hasta agotar existencias http://t.co/FDDEtciL refund discount measure assessment assay bioassay pregnancy_test pregnancy physical_condition pregnancy Human_fertilization period month unit_of_time month November Gregorian_calendar_month Ou_Nederlandse_maandname indispose tire_out state existence	9	1	0	133	21	2	0
266311842144583680	RT @businessinsider: 7.4 Magnitude Earthquake Rocks Guatemala, Killing 39 by @microbelover http://t.co/9khxNYL1 property magnitude mathematics geological_phenomenon earthquake geophysics energy natural_disaster geology phenomenon oscillation astronomy 2010_Haiti_earthquake geography stuff rock mineral material geology facies Construction_aggregate Central_American_country Guatemala Atlantic_Ocean nation Belize El_Salvador country Caribbean kill	8	1	0	111	16	0	1
266220087562878977	RT @axl90: La Tierra está surfeando #TemblorGt network RT_(TV_network) television_station autonomous_non-commercial_organization channel terrestrial_planet Earth planet glide surf	3	1	0	47	7	1	0
266251247059861504	RT @FUNVISIS: #Sismo:2012/11/07 14:0 (HLV), Mag. 4.7 Mw, a 41 Km al suroeste de Coro (11.275 N,-70.016 W), prof. 5.0 Km High-level_verification publication magazine press periodical character_(computing) ANSI_escape_code metric_linear_unit kilometre Unit_of_length Military_slang academician professor title_in_the_higher_education_in_the_Netherlands academic_degree profession position teacher metric_linear_unit kilometre Unit_of_length Military_slang	13	0	0	119	30	1	1
267767005585735682	USGS: 6.2 earthquake strikes off Guatemala's coast: A 6.2-magnitude earthquake has shaken Guatemala's Pacific co... http://t.co/pvexKk1b Geological_survey United_States_Geological_Survey authority geological_phenomenon earthquake geophysics energy natural_disaster geology phenomenon oscillation astronomy 2010_Haiti_earthquake geography job_action strike Workplace_conflict shore coast landform area geological_phenomenon earthquake geophysics energy natural_disaster geology phenomenon oscillation astronomy 2010_Haiti_earthquake geography move shake ocean Pacific_Ocean Earth	9	3	0	136	24	0	1
266276324799295488	RT @eltukam: Ánimo y calma Guatemala, España os apoya #TerremotoGT #temblorgt network RT_(TV_network) television_station autonomous_non-commercial_organization channel hostility animosity rate deliberateness European_country Spain country nation Member_state_of_the_European_Union support	9	1	1	79	12	2	1
266464351253323777	RT @rtve: El terremoto de Guatemala, de magnitud 7,2 en la escala Richter, causa al menos 48 muertos y más de 100 heridos http://t.co/p4 ... geological_phenomenon earthquake geophysics energy natural_disaster geology phenomenon oscillation astronomy 2010_Haiti_earthquake geography property magnitude mathematics criterion graduated_table earthquake Richter_scale graduated_table logarithmic_scale geology Earth energy Seismic_scale measure_(mathematics) Ordinalskala Intervallskala force science last_name Richter_(surname) proceedings case relationship Legal_transaction civil_action less dead slain damage wound injury	9	0	0	141	29	0	1
266248487182688256	RT @PuchikaMucha: Pute O.o RT “@el_Periodico: Usuarios reportan más daños materiales en San Marcos. (Foto: Dixon Vasquez) | #TemblorGt h ... computer User public_service economics Software_agent organization inform describe change damage matter material chemical_substance person saint deity framework frame representation photograph work_of_art image Adolfo_Gonzáles_Chaves_Partido Vásquez_(Buenos_Aires) locality	14	1	0	144	22	1	1
268312260911452160	RT @solosismos: Aviso #Sismo con Magnitud 1.8, 4km W en Cobb, California announcement notice ratio order_of_magnitude number Level_of_measurement American_state California Los_Angeles U.S._state Southern_Pacific_Transportation_Company Chicago,_Rock_Island_and_Pacific_Railroad Pennsylvania_Railroad	9	1	0	72	13	1	0
270599851107024896	#Sismo #Mundo #USGS M 2.7, Central California: Monday, November 19, 2012 18:07:40 UTCMonday, November 19, 2012 1... http://t.co/LDOZcWnE Geological_survey United_States_Geological_Survey authority workplace telephone_exchange System San_Francisco_Bay_Area Central_California American_state California Los_Angeles U.S._state Southern_Pacific_Transportation_Company Chicago,_Rock_Island_and_Pacific_Railroad Pennsylvania_Railroad weekday Monday day_of_the_week month November Gregorian_calendar_month Ou_Nederlandse_maandname day November_19 month November Gregorian_calendar_month Ou_Nederlandse_maandname day November_19	11	0	0	136	24	3	0
266247610564751360	RT @abelrera: En donde estuvo más fuerte el temblor? En chiapas o guatemala? @TapaRecomienda @SoloenChiapas strong motion quiver	5	2	1	108	16	0	1
269204477448433664	Ficha #EU a dos socios de “El Chapo” Guzmán en #Guatemala http://t.co/amuLmaxv vía  Están por cumplirse 12 años de su fuga. @fuentes_sarah filing_cabinet card_catalog library perceptible_object significant_other spouse relative Partner_(business_rank) Province_of_Burgos Guzmán_(provincia_de_Burgos) locality minor_local_entity_of_Spain Municipalities_of_Spain period year unit_of_time time_standard running_away elopement marriage	15	0	0	146	29	2	0
268702142435581953	Blogging the Earthquake's Aftermath from Huitán, #Guatemala http://t.co/YPswfUux via @globalvoices geological_phenomenon earthquake geophysics energy natural_disaster geology phenomenon oscillation astronomy 2010_Haiti_earthquake geography Serial_(radio_and_television) Aftermath_(TV_series) television_program settlement Huitán municipality	7	1	0	99	15	1	0
271386316657283072	RT @QuakeAlarm_RM: 19:52 hrs. Se activa Quake Alarm (Detector de #Sismo) ubicado en #SantiagoCentro #RegiónMetropolitana @reddeemergencia device sensor measuring_instrument Electronic_component analog-to-digital_converter geological_phenomenon earthquake geophysics energy natural_disaster geology phenomenon oscillation astronomy 2010_Haiti_earthquake geography	12	0	1	138	18	3	0
268020341559939072	#Sismo Frente a El Salvador #Hoy:12/11/12 09:12 Lat:12.23N Long:89.46W Prof(km):13.1 Richter:3.5ML #Ineter http://t.co/oD3LwkmQ weather_map weather_front meteorology temperature border boundary_(topology) case Central_American_country El_Salvador nation country Latvian_monetary_unit lats currency Geographical_feature Long,_Oklahoma Census-designated_place academician professor title_in_the_higher_education_in_the_Netherlands academic_degree profession position teacher metric_linear_unit kilometre Unit_of_length Military_slang metric_capacity_unit cubic_centimetre unit_of_volume unit technology Instituto_Nicaragüense_de_Estudios_Territoriales	13	0	0	127	29	3	0
271360727187611648	RT @LAVOZ__: #SISMO: #Calama: [Preliminar] 4.2 a 44km al NE de Maria Elena, a 105km de profundidad. geological_phenomenon earthquake geophysics energy natural_disaster geology phenomenon oscillation astronomy 2010_Haiti_earthquake geography foreplay letter Ne_(kana) kana Jewess Mary mother woman human	9	2	0	99	18	2	0
266228845265448960	RT @Osirisdleon: La prensa piensa en tsunami en las costas de Guatemala y México, pero un sismo de 7.4 a 26 millas de profundidad no pro ... network RT_(TV_network) television_station autonomous_non-commercial_organization channel print_media press think disaster tsunami wave natural_disaster shore coast landform area Central_American_country Guatemala Atlantic_Ocean nation Belize El_Salvador country Caribbean republic Mexico North_American_country nation country taxon Milla flora degree depth	9	2	0	141	28	0	1
266242367718297601	RT @lanacioncom: Fuerte terremoto de 7,5 grados sacudió El Salvador, Guatemala y México http://t.co/PNcq8bxW network RT_(TV_network) television_station autonomous_non-commercial_organization channel box strongbox geological_phenomenon earthquake geophysics energy natural_disaster geology phenomenon oscillation astronomy 2010_Haiti_earthquake geography accolade academic_degree qualification diploma move shake Central_American_country El_Salvador nation country republic Mexico North_American_country nation country	6	1	0	110	19	0	1
266310806143127553	RT @wikinoticias: [Sismo] Hay al menos 39 fallecidos en Guatemala. Autoridades indican que el número se podría incrementar. less Central_American_country Guatemala Atlantic_Ocean nation Belize El_Salvador country Caribbean control authorization function inform point definite_quantity number Mathematical_object be_able_to alter increase	7	2	1	125	20	0	1
266292938416455680	#Guatemala http://t.co/RHln28Cm	0	0	0	31	5	1	0
265911617491959808	RT @FUNVISIS: #Sismo:2012/11/06 14:24 (HLV), Mag. 3.1 Mw, a 28 Km al suroeste de San Cristobal (7.536 N,-72.322 W), prof. 16.6 Km High-level_verification publication magazine press periodical character_(computing) ANSI_escape_code metric_linear_unit kilometre Unit_of_length Military_slang metal aluminium boron_group Period_3_element chemical_element ethnic_group Bushmen group neighbourhood San_Cristóbal_(Asunción) assault_rifle Cristóbal_Carbine rifle academician professor title_in_the_higher_education_in_the_Netherlands academic_degree profession position teacher metric_linear_unit kilometre Unit_of_length Military_slang	15	0	0	129	31	1	1
267969263313231872	Guatemala sofre novo terremoto, depois de uma série de réplicas http://t.co/fr8cXgj1 experience suffer new geological_phenomenon earthquake geophysics energy natural_disaster geology phenomenon oscillation astronomy 2010_Haiti_earthquake geography after concourse legion tremor aftershock earthquake	5	1	0	86	16	0	1
266308851631001600	Ese terremoto en Guatemala -.- para pelos geological_phenomenon earthquake geophysics energy natural_disaster geology phenomenon oscillation astronomy 2010_Haiti_earthquake geography body_covering hair Biomaterial	3	0	0	41	6	0	1
266271690080796672	RT @TelemundoNews: Presidente de #Guatemala informa que ya hay más de 2 mil miembros del ejército en San Marcos ayudando a damnificados  ... network RT_(TV_network) television_station autonomous_non-commercial_organization channel presiding_officer chairman position business_executive Presidente_de_Guatemala Central_American_country Guatemala Atlantic_Ocean nation Belize El_Salvador country Caribbean announce report be associate member defence military force organization person saint deity framework frame support aid	8	2	0	142	24	1	1
266223724020244481	RT @laradiodelsur: Sismo 7.5 afecta a Guatemala - México network RT_(TV_network) television_station autonomous_non-commercial_organization channel alter affect	4	1	0	57	10	0	1
265785591206133761	Con todo mi #guatemala	2	0	1	22	4	1	0
271054593356623872	RT @CNNEE: #Tikal, una metrópoli que preserva las maravillas del mundo #maya http://t.co/I32OfM5Y #Guatemala network RT_(TV_network) television_station autonomous_non-commercial_organization channel Tikal municipality metropolis urban_area City keep conserve excellence admirableness monument Seven_Wonders_of_the_Ancient_World architectural_structure concern earth	9	1	1	109	18	3	0
267039121883676672	#Sismo #Earthquake M 4.6, 30km ESE of Ichinoseki, Japan: Friday, November 09, 2012 22:35:17... http://t.co/Vlsq3kjw http://t.co/NlruPi7O geological_phenomenon earthquake geophysics energy natural_disaster geology phenomenon oscillation astronomy 2010_Haiti_earthquake geography compass_point east_southeast Cities_of_Japan Ichinoseki,_Iwate Asian_country Japan nation country island_nation weekday Friday day_of_the_week day month November Gregorian_calendar_month Ou_Nederlandse_maandname day November_9	10	0	0	136	25	2	0
267638823457001474	Gracias por los 100 retuits en esta ilustración, https://t.co/lOnIW6sV  todo fue posible x uds... Dios bendiga a #SanMarcos posture gracefulness comprise possible spiritual_being God deity god_(male_deity)	6	1	1	124	22	1	1
266221773652127744	RT @adnradiochile: Según la USGS un sismo de 7,5 Richter sacudió Centroamérica frente a Guatemala. El Sismológico de México lo cifró en  ... network RT_(TV_network) television_station autonomous_non-commercial_organization channel Geological_survey United_States_Geological_Survey authority move shake isthmus Central_America Geographical_feature continent region in_front	9	2	1	146	27	0	1
266228765569458176	RT @thecliniccl: Actualizado: Terremoto de 7.5 grados sacude México y Guatemala - http://t.co/A1eivW6t network RT_(TV_network) television_station autonomous_non-commercial_organization channel geological_phenomenon earthquake geophysics energy natural_disaster geology phenomenon oscillation astronomy 2010_Haiti_earthquake geography accolade academic_degree qualification diploma republic Mexico North_American_country nation country	6	1	0	103	17	0	1
268883579638001664	International Friendly - #Paraguay 3-1 #Guatemala. Goles: 37' Luis Caballero, 59' P. Aguilar (P), 87' M. Lopez (G), 90' P. Aguilar (P) socialism International political_organisation organization game exhibition_game athletics game exhibition_game athletics republic Paraguay South_American_country nation landlocked_country Central_American_country Guatemala Atlantic_Ocean nation Belize El_Salvador country Caribbean mountain Golesh name Luis male_given_name Ludvig human Luis_Caballero_(footballer) wingback last_name Caballero_(surname) title Monsieur man	16	0	0	134	22	2	0
266371501920505857	Van 48 muertos por terremoto en Guatemala http://t.co/nAGG3SUi vía @ejeCentral dead slain geological_phenomenon earthquake geophysics energy natural_disaster geology phenomenon oscillation astronomy 2010_Haiti_earthquake geography	4	2	0	79	14	0	1
266863233732857857	Guatemala faz levantamento de vítimas e danos do terremoto http://t.co/1kHXtjHz Central_American_country Guatemala Atlantic_Ocean nation Belize El_Salvador country Caribbean execute measure_(mathematics) drawdown_(economics) unfortunate victim change damage geological_phenomenon earthquake geophysics energy natural_disaster geology phenomenon oscillation astronomy 2010_Haiti_earthquake geography	5	1	0	80	14	0	1
266221106778763265	RT @SismologicoMEX: #SISMO RECUERDE: NO grite, NO corra, NO empuje, y diríjase a una zona segura. #OAXACA  #MEXICO #EDOMEX #DF #CHIAPAS network RT_(TV_network) television_station autonomous_non-commercial_organization channel mouth shout hurry run gesture thrust force Zona safe republic Mexico North_American_country nation country state_of_Mexico State_of_Mexico Mexico national_capital Mexico_City City city_with_millions_of_inhabitants capital provincial_capital federal_district flag Chiapas state_of_Mexico nation	13	5	0	136	22	6	1
267756591141502976	RT @NewEarthquake: Revised (6.6 -&gt; 6.2): 6.2 earthquake, 24km WSW of Champerico, Guatemala. Nov 11 16:15 at epicenter (14m ago, depth ... Magic:_The_Gathering 10th_Edition set magic geological_phenomenon earthquake geophysics energy natural_disaster geology phenomenon oscillation astronomy 2010_Haiti_earthquake geography compass_point west_southwest cartography unit_of_angle settlement Champerico municipality month November Gregorian_calendar_month Ou_Nederlandse_maandname public_holiday Veterans_Day day Public_holidays_in_France Federal_holidays_in_the_United_States holiday geographic_point epicenter extent deepness	11	1	0	140	25	0	1
271038537544110080	#Guatemala, segundo país del mundo con más femicidios : ONU http://t.co/MolnK7xK y el Estado de México el 1ro en el país #Noticias #Campeche administrative_division country region Administrative_divisions_of_Germany Federal_republic Federated_state geography concern earth Femicide state_of_Mexico State_of_Mexico Mexico administrative_division country region Administrative_divisions_of_Germany Federal_republic Federated_state geography info word	14	0	0	144	29	3	0
268805125198475265	RT @tiempoclima: #SISMO 6.0 Mw - COQUIMBO, CHILE en Zona central 14/11/2012 20:02 GMT http://t.co/2TNRvVkt region_of_Chile Coquimbo_Region administrative_division capsicum cayenne_pepper spice taxon fruit Common_name vine part zone region Central_Chile central time Greenwich_Mean_Time time_standard time_zone System scale	10	0	1	106	21	1	0
266336492060827648	Wall Street Journal Quake Kills at Least 30 in Guatemala Wall Street Journal The magnitude-7… http://t.co/dhPrO1zF partition wall Structure newspaper The_Wall_Street_Journal company City Presse_écrite daily_newspaper magazine thoroughfare street architectural_structure state_highway periodical journal terminology geological_phenomenon earthquake geophysics energy natural_disaster geology phenomenon oscillation astronomy 2010_Haiti_earthquake geography ending kill partition wall Structure newspaper The_Wall_Street_Journal company City Presse_écrite daily_newspaper magazine thoroughfare street architectural_structure state_highway periodical journal terminology	10	1	0	116	20	0	1
266487738675654658	05:30 #trendNews #huila #obama #judicial #tico #nacional #guatemala #paro #electoral #mart #candidato ... http://t.co/SRBDKqM3 human Barack_Obama President_of_the_United_States judicial Costa_Rican national tit chickadee electoral politician campaigner	15	1	0	126	17	11	0
268311854059778048	RT @solosismos: Aviso #Sismo con Magnitud 1.0, 46km NW en Cape Yakataga, Alaska announcement notice geological_phenomenon earthquake geophysics energy natural_disaster geology phenomenon oscillation astronomy 2010_Haiti_earthquake geography ratio order_of_magnitude number Level_of_measurement	10	1	0	79	14	1	0
266377835327934464	Al menos 48 muertos por fuerte sismo en Guatemala http://t.co/ri5QZOVz least dead slain strong Central_American_country Guatemala Atlantic_Ocean nation Belize El_Salvador country Caribbean	4	0	0	70	13	0	1
269986413167136769	#guatemala #paradise #loveit http://t.co/vMAgoAcT	0	0	0	49	7	3	0
270569975092236289	#sismo #temblor Arica, fuerte sismo pronosticado por red quake alert geological_phenomenon earthquake geophysics energy natural_disaster geology phenomenon oscillation astronomy 2010_Haiti_earthquake geography motion quiver strong geological_phenomenon earthquake geophysics energy natural_disaster geology phenomenon oscillation astronomy 2010_Haiti_earthquake geography	6	1	0	68	10	2	1
266220305670868992	#sismo en paseo de la reforma se sintio fuerte! Bolsa Mex y torre 265, evacuando geological_phenomenon earthquake geophysics energy natural_disaster geology phenomenon oscillation astronomy 2010_Haiti_earthquake geography dress stroller_(style) avenue Paseo_de_la_Reforma Mexico_City avenue religious_movement Protestant_Reformation schism strong container bag cargo_container structure tower architectural_structure Structure empty evacuate	7	1	1	80	15	1	0
269245082505461760	RT @24HorasTVN: #Sismo 5.2 #Richter afecta a las regiones de #Tarapacá y #Antofagasta. Detalles: http://t.co/6iLo1uGQ geological_phenomenon earthquake geophysics energy natural_disaster geology phenomenon oscillation astronomy 2010_Haiti_earthquake geography concern affect location part discourse detail	11	1	0	118	19	4	0
266290270839119872	RT @ElNuevoDia: #Terremoto de 7.2 en #Guatemala deja el saldo de al menos 15 muertos y más de medio centenar de viviendas destruidas - h ... geological_phenomenon earthquake geophysics energy natural_disaster geology phenomenon oscillation astronomy 2010_Haiti_earthquake geography leave equality balance measure less person deceased large_integer 100 square_number composite_number integer apartment_building tenement house house tendon residential_building wrecked	10	1	0	141	26	2	1
266226261569961984	Este temblor tuvo epicentro en México, pero se Siento en Guatemala. Honduras, Salvador y Costa Rica! motion quiver hold geographic_point epicenter republic Honduras Central_American_country nation country Central_American_country El_Salvador nation country shore coast landform area country Costa_Rica Central_American_country Atlantic_Ocean nation Panama Caribbean_Sea financial_condition wealth economic_system capital economics information terminology perception	9	1	1	101	17	0	1
266859093971587073	#Guatemala 2-3 #IslasSalomon	0	0	0	28	4	2	0
266288664429068288	Biggest earthquake in Guatemala since '76..Hoping that mis guatemaltecos are #stayingstrong http://t.co/hotaXnJ6 geological_phenomenon earthquake geophysics energy natural_disaster geology phenomenon oscillation astronomy 2010_Haiti_earthquake geography want hope Guatemalteco	6	2	1	112	16	1	1
266664406962810880	@Calle7_TVN jamas habia visto un #calle7 donde los nuevos fueran tan buenoss!!! Se ve q sera una buena temporada CARAJO!!! #guatemala jibe look new comprise so good period season athletics unit_of_time jock terminology	6	4	2	133	21	2	0
266235589718843393	RT @ChaconDrums: Impactantes imágenes de lo que ocasiono el devastador #Temblor #TemblorGT http://t.co/vdxqU9cb representation image Artifact_(error) cause occasion cataclysmal motion quiver	7	1	1	112	17	2	1
268404363662327809	RT @SismologicoMX: #SISMO Magnitud 4.1 Loc. 145 km al SUROESTE de CD HIDALGO, CHIS 13/11/12 09:02:54 #México geological_phenomenon earthquake geophysics energy natural_disaster geology phenomenon oscillation astronomy 2010_Haiti_earthquake geography Software_metric Source_lines_of_code metric_linear_unit kilometre Unit_of_length Military_slang recording compact_disc optical_disc computer_memory data-storage_medium commune Chis	15	0	0	109	23	2	0
265920492626653184	Latino América en marcas, #Diseño de la marca país #Guatemala http://t.co/JmigZy2T #martesdemarcas proportional_font roman_type Italic alphabet geographic_area Latin_America Geographical_feature region name brand symbol Marketing_strategy creating_by_mental_acts design abstract_object name brand symbol Marketing_strategy field Nation_branding administrative_division country region Administrative_divisions_of_Germany Federal_republic Federated_state geography	11	0	0	101	18	3	0
266357165814587392	heart goes out to those who have been killed or hurt in guatemala.. R.I.P. #earthquake #2012 internal_organ heart organ terminology leave go_out kill indispose hurt geological_phenomenon earthquake geophysics energy natural_disaster geology phenomenon oscillation astronomy 2010_Haiti_earthquake geography	5	5	0	92	18	2	1
271339772448997376	#SISMO con epicentro en Navidad es el octavo en menos de 24 horas http://t.co/sTuF8ys5 geological_phenomenon earthquake geophysics energy natural_disaster geology phenomenon oscillation astronomy 2010_Haiti_earthquake geography geographic_point epicenter public_holiday Christmas feast_day holy_day_of_obligation quarter_day Christianity commemoration abbreviation comprise least unit_of_time hour unit	5	1	0	86	17	1	0
268377343951790080	@AccionMob #AccionMOB vengan a #Guatemala a disfrutar un plato delicioso de #Revolcado, @DANILOMONTERO_ @lillygoodman http://t.co/sWQpPbfa punish revenge bask containerful plateful delicious	7	4	0	138	18	3	0
267471202304524288	Actualiz. #sismo Myanmar M6.6--&gt;M6.8 (USGS) 11-nov-2012 01:12 UTC + 2 poteriores M5.0 Mapa: http://t.co/YUP5toa1  #birmania VIA @InfoSismos geological_phenomenon earthquake geophysics energy natural_disaster geology phenomenon oscillation astronomy 2010_Haiti_earthquake geography Asian_country Burma country nation Geological_survey United_States_Geological_Survey authority Greenwich_Mean_Time coordinated_universal_time time_zone time_standard representation map medium document document document document Group_representation Asian_country Burma country nation	14	1	0	142	27	2	0
266959472038117378	@futbolgrande780: Ever Almeida Vamos con todo el potencial #Guatemala Jajaja... Es muy probable que la selección vuelva con una derrota! album Vamos_con_todo Extended_play potential utterance laughter psychology happiness human reflex behavior emotion demonstration chemical_reaction probable action natural_selection phrase move return failure defeat conclusion	10	0	0	137	21	1	0
267494354845839360	RT @ActualidadRT: El terremoto en Birmania hasta se pudo sentir en Bangkok, Tailandia #sismo http://t.co/9CRC7sbA geological_phenomenon earthquake geophysics energy natural_disaster geology phenomenon oscillation astronomy 2010_Haiti_earthquake geography Asian_country Burma country nation be_able_to perceive feel port Bangkok national_capital City city_with_millions_of_inhabitants capital provincial_capital country Thailand Asian_country nation parliamentary_monarchy geological_phenomenon earthquake geophysics energy natural_disaster geology phenomenon oscillation astronomy 2010_Haiti_earthquake geography	7	1	1	113	18	1	0
271300614435270656	#Temblor♨ M 5.8, 225km SSW of Panenggoede, Indonesia http://t.co/7gCCDnNE #Earthquake #Sismo	0	0	0	94	15	3	0
270345483342446592	@FotosDeGuate DSC00562: Hub66 posted a photo:    Antigua Guatemala http://t.co/8kalUi0J #Guatemala enter post representation photograph work_of_art image City Antigua_Guatemala	7	1	0	98	13	1	0
267331741692358657	Photo: I *dientes* you #friends #dentistry #teeth #Reu #Guatemala #goodtimes :) http://t.co/5cL8sM2l representation photograph work_of_art image person friend medical_specialty dentistry profession medicine bone tooth Structure Central_American_country Guatemala Atlantic_Ocean nation Belize El_Salvador country Caribbean	12	0	2	100	14	6	0
266310957138055168	RT @madelcarmen30: Informa el presidente Otto Pérez que se eleva a 39 la cifra de muertos por terremoto en #Guatemala http://t.co/bFkpb0 ... network RT_(TV_network) television_station autonomous_non-commercial_organization channel presiding_officer chairman position business_executive human Otto_Pérez_Molina politician officer increase raise digit decimal_digit symbol dead slain geological_phenomenon earthquake geophysics energy natural_disaster geology phenomenon oscillation astronomy 2010_Haiti_earthquake geography	11	2	2	141	25	1	1
266246180323880960	RT @Ligas_Europeas: Hubo terremoto en Guatemala de 7.5. #FuerzaGuatemala geological_phenomenon earthquake geophysics energy natural_disaster geology phenomenon oscillation astronomy 2010_Haiti_earthquake geography	4	0	0	72	10	1	1
267846160516014080	RT @wikisismos: AHORA - #Sismo de M 4.7, 25km SW of Ocos, Guatemala http://t.co/hShmkqqh #jishin #quake present now settlement Ocos municipality	12	3	0	103	19	3	1
267370635490127873	RT @glinnis_reyes @realmadrid. Ese es el #RealMadrid que queremos ver. Saludos desde #Guatemala. Son el mejor del... http://t.co/c9KOR96O be want perceive see greeting compliments person best comic_book	5	2	1	137	21	2	0
266778294890946560	RT @Kevin_Franco_: El Barca manda apoyo a Guatemala por el sismo, el glorioso Real Madrid felicita a Guatemala por su independencia #Dif ... Municipalities_of_Spain Barca municipality Spain فهرست_شهرها_و_روستاهای_اسپانیا dominate command assistance support glorious complex_number real_number set value national_capital Madrid City city_with_millions_of_inhabitants Municipalities_of_Spain provincial_capital capital World's_largest_cities nation Independence organization politics country nationalism law classical_conditioning word disease noun ideology	13	2	0	140	22	1	0
265800397120212992	RT @Telediariogt: DEPORTES: arrancó segundo tiempo de juego en Mundial Futsal #Tailandia2012: #Rusia 6-0 #Guatemala. @MLorenzo_td network RT_(TV_network) television_station autonomous_non-commercial_organization channel recreation athletics exercise individual_sport Olympic_sport activity type_of_sport System start attribute time scalar term entity dimension measure_(mathematics) television_program Tiempo_de_juego vice gambling game_of_chance recreation game entertainment tournament World_Cup competition football_tournament football Futsal word Scrabble_variants	12	2	0	130	17	3	0
266005733445869569	RT @NANOMCDGREAT: Estamos #2 en lo más solicitado en #Guatemala con “EnMiSeFijo” de @NANOMCDGREAT por #RadioManati1015Fm pídelo vía msj  ... request apply	9	3	0	147	22	3	0
267769752854863874	#USA 6.2 magnitude earthquake off Guatemala coast - WTVR: WTVR6.2 magnitude earthquake off Guatemala coastWTVR(C... http://t.co/rDsVqgZx republic United_States North_American_country nation country permanent_member_of_the_United_Nations_Security_Council constitutional_republic property magnitude mathematics geological_phenomenon earthquake geophysics energy natural_disaster geology phenomenon oscillation astronomy 2010_Haiti_earthquake geography shore coast landform area WTVR network .2_Network property magnitude mathematics geological_phenomenon earthquake geophysics energy natural_disaster geology phenomenon oscillation astronomy 2010_Haiti_earthquake geography	11	0	0	136	21	1	1
266310416110600193	RT @EmisorasUnidas: El rostro de los niños de San Cristóbal Cucho, #SanMarcos, donde fallecieron 10 miembros de una familia. Vía: @vpaz_ ... accomplishment face_saver concept juvenile minor person person saint deity settlement San_Cristóbal_Cucho municipality patron_saint Saint_Christopher saint human turn perish associate member social_group family clan person people artifact track Structure	10	1	1	143	24	1	1
266571415040438276	Oficialmente 52 personas fallecidas y 22 desaparecidas #Conred #TemblorGT http://t.co/sfeeH6LK being person causal_agency subjectivism subject missing entity Coordinadora_Nacional_para_la_Reducción_de_Desastres	6	1	0	94	13	2	1
266320406938533888	RT @INFORMADORCHILE: Terremoto 7,4 Ricther Guatemala deja 15 fallecidos,casas en el suelo, 100 desaperecidos, 100MIL personas sin luz FO ... geological_phenomenon earthquake geophysics energy natural_disaster geology phenomenon oscillation astronomy 2010_Haiti_earthquake geography Central_American_country Guatemala Atlantic_Ocean nation Belize El_Salvador country Caribbean building house home Structure residential_building earth soil Granular_material being person causal_agency subjectivism subject electromagnetic_radiation light actinic_radiation fiber optical_fiber glass_fiber cable Waveguide_(optics)	9	1	0	140	21	0	1
266477949161709568	Tembló en #Valencia y #Falcon ... #Guatemala #Mexico .... town Falcon,_North_Carolina Central_American_country Guatemala Atlantic_Ocean nation Belize El_Salvador country Caribbean republic Mexico North_American_country nation country	9	0	0	58	7	4	1
266459641058295808	Terremoto en Guatemala deja cerca de 50 muertos http://t.co/v8IyR0Rv geological_phenomenon earthquake geophysics energy natural_disaster geology phenomenon oscillation astronomy 2010_Haiti_earthquake geography leave close about person deceased	4	1	0	68	12	0	1
266313763131641856	RT @EmisorasUnidas: (((Video))) Sismo de 7.2 grados Richter sacude Guatemala dejando, según reporte preliminar, unos 10 fallecidos.http: ... network RT_(TV_network) television_station autonomous_non-commercial_organization channel broadcasting television Mediu_(arte_și_cultură) data-storage_medium accolade academic_degree qualification diploma Central_American_country Guatemala Atlantic_Ocean nation Belize El_Salvador country Caribbean quit inform describe	8	2	1	141	20	0	1
269239818653954049	RT @Peru21pe: #Sismo de 4.5 grados se sintió en Lima http://t.co/0dEO5g1y geological_phenomenon earthquake geophysics energy natural_disaster geology phenomenon oscillation astronomy 2010_Haiti_earthquake geography accolade academic_degree qualification diploma perceive feel national_capital Lima City city_with_millions_of_inhabitants capital provincial_capital World's_largest_cities	6	2	1	74	15	1	0
266266061312245762	Nicaragua: lanzan alerta de tsunami tras terremoto de 7,4 grados en Guatemala: La tensión impera en Cen... http://t.co/Yjknvc9r ^ #Perú Central_American_country Nicaragua nation country impel throw alert wake System Tsunami_warning_system disaster tsunami wave natural_disaster geological_phenomenon earthquake geophysics energy natural_disaster geology phenomenon oscillation astronomy 2010_Haiti_earthquake geography accolade academic_degree qualification diploma electrical_phenomenon electric_potential physical_quantity scalar Electric_potential_energy intensive_physical_property Cen republic Peru South_American_country nation country	10	2	0	137	24	1	1
266268846355267584	RT @NoSePaseDice: RT Si Ofreces a Peña Nieto para calmar la ira de Los Mayas #Temblor #Sismo metric_system International_System_of_Units metric Municipalities_of_Brazil Penha offspring grandchild kinship family comfort allay emotion anger American_Indian Mayan clan American-Indian_language phylum civilization American_Indian Mayan clan American-Indian_language phylum civilization motion quiver geological_phenomenon earthquake geophysics energy natural_disaster geology phenomenon oscillation astronomy 2010_Haiti_earthquake geography	11	1	0	93	18	2	0
271500795969683457	ALERTA #Sismo con Magnitud 4.8, 84km WSW en Challapata #Bolivia compass_point west_southwest cartography unit_of_angle linear_measure en Typographic_unit Municipalities_of_Bolivia Municipio_Challapata municipality republic Bolivia South_American_country nation landlocked_country	7	2	0	63	11	2	0
266712112972328960	RT @GuateFollowBack: #Guatemala Esta Herida, Pero No de Muerte...! harm lesion jargon change death biology faith being property process_(computing) event_(philosophy) philosophy	5	0	0	66	9	1	0
269887234675732480	#Sismo 67 km al O de Arica:  Preliminar: Si Magnitud: 3 Profundidad: 46 Km Hora cerca del Epicentro: 2012... http://t.co/15Y67evR #Chile metric_linear_unit kilometre Unit_of_length Military_slang metric_system International_System_of_Units metric property magnitude mathematics degree depth metric_linear_unit kilometre Unit_of_length Military_slang unit_of_time hour unit close geographic_point epicenter South_American_country Chile nation country	14	0	0	136	24	2	0
266632702235660288	Centro America lo logro! Todos lo hicimos posible desde #guatemala #ElSalvador #Honduras #nicaragua #costarica #Panama #ASOT600CA point midpoint Point_(geometry) isthmus Central_America Geographical_feature continent region North_America Americas South_America land Earth Atlantic_Ocean Supercontinent New_World region continent Western_Hemisphere terminology action accomplishment execute possible republic Honduras Central_American_country nation country	13	2	3	129	16	7	0
271697311724339200	RT @CNNEE: #Guatemala condena a 448 años de prisión a un zeta #mexicano http://t.co/KvVR8fUP #ElAmarillo network RT_(TV_network) television_station autonomous_non-commercial_organization channel term sentence section period year unit_of_time time_standard orbit_period correctional_institution prison letter zeta Mexican	10	1	0	106	20	3	0
267854955946311680	RT @CCURTGO: 6.5 earthquake strikes off Guatemala's coast http://t.co/9nPRVwFg geological_phenomenon earthquake geophysics energy natural_disaster geology phenomenon oscillation astronomy 2010_Haiti_earthquake geography job_action strike Workplace_conflict Central_American_country Guatemala Atlantic_Ocean nation Belize El_Salvador country Caribbean shore coast landform area	6	1	0	78	14	0	1
266224831320715266	RT @Hungareo: OJO &gt;&gt;&gt; #Sismo Si quieres reportar alguna anomalía o daño, comunícate al CAS, al 52089898, 066 o por Twitter, a @ ... network RT_(TV_network) television_station autonomous_non-commercial_organization channel sensory_receptor eye organ architectural_element Feature_(archaeology) want inform describe abnormality anomaly change damage Circa microblogging Twitter Social_networking_service	10	4	0	143	27	1	0
269430583992672256	RT Stunning book on #Guatemala now on #Kindle http://t.co/S0Sfsniu hit stun publication book work collectable medium set	5	0	0	66	12	2	0
266931575730614272	RT @Telediariogt: #MP ordena suspensión de entierro de 10 personas en San Cristóbal Cucho #SanMarcos. familiares dicen no acatarán orden ... say command mixture suspension place grave location Institutional_repository being person causal_agency subjectivism subject person saint deity settlement San_Cristóbal_Cucho municipality patron_saint Saint_Christopher saint human relative family request say obey abide_by command order	12	4	0	143	23	2	0
267065017533341696	RT @Nengo_Flow: Pronto espero visitar #Honduras #Guatemala #Panama #Paraguay es un sueño para mi estar con ustedes, sigamos la lucha #Re ... act wait tour visit republic Honduras Central_American_country nation country Central_American_country Panama nation country republic Paraguay South_American_country nation landlocked_country be physical_condition sleep move follow boxing fight solfa_syllable re note	13	4	1	141	22	5	0
266048855085305857	RT @CNNEE: El presidente de #Guatemala @OttoPerezMolina es, hasta ahora, el único mandatario latinoamericano que felicitó a #Obama en Tw ... network RT_(TV_network) television_station autonomous_non-commercial_organization channel presiding_officer chairman position business_executive Presidente_de_Guatemala now singular receiver mandatary American Latin_American praise compliment human Barack_Obama President_of_the_United_States power_unit watt unit unit_of_power SI_derived_unit	9	1	1	142	20	2	0
266262219363336192	@CNNEE: El sismo de 7,4 en #Guatemala habría causado víctimas fatales según reportan medios locales citando fuentes oficiales Central_American_country Guatemala Atlantic_Ocean nation Belize El_Salvador country Caribbean be cause effect unfortunate victim fatal inform describe instrumentality medium tool entity computer_memory channel homegrown reiterate quote point beginning official	6	3	0	128	22	1	1
266617149731270656	RT @BreakingNews: Death toll in Guatemala earthquake rises to 52; many of 22 still missing presumed dead, president says - @AP http://t. ... company BNO_News news_agency Public_company change death biology faith being property process_(computing) event_(philosophy) philosophy cost death_toll value cost Central_American_country Guatemala Atlantic_Ocean nation Belize El_Salvador country Caribbean geological_phenomenon earthquake geophysics energy natural_disaster geology phenomenon oscillation astronomy 2010_Haiti_earthquake geography move rise lack presumed dead business_executive president feature read ghost Krasue communications_protocol HTTP Application_layer letter T	9	4	0	140	22	0	1
266375369072967680	@diario24horas: Guatemala. 48 los muertos por sismo http://t.co/5ek4SLLw Central_American_country Guatemala Atlantic_Ocean nation Belize El_Salvador country Caribbean dead slain	4	1	0	72	11	0	1
268064461422747649	One way to wear a tie if you're a girl #Fashion #Trends #SaulEMendez #Guatemala #Style Style by Red: THE TIE LOOK http://t.co/u0wG9hbL single_(music) One_(U2_song) song property manner method_(computer_programming) have_on neckwear necktie Fashion_accessory composition woman girl female child person human property manner method_(computer_programming) style fashion discernment style Central_American_country Guatemala Atlantic_Ocean nation Belize El_Salvador country Caribbean property manner method_(computer_programming) property manner method_(computer_programming) spectral_color red primary_color color neckwear necktie Fashion_accessory composition visage facial_expression tone radius_vector	16	3	1	134	26	5	0
270219880719065088	*La niña es de #Guatemala. ? NOO le quiere hacer competencia a Melly y Andersito creo que eran JAJAJAJAJAJA ella quiere followers y ser TT* offspring child cohort human comprise Central_American_country Guatemala Atlantic_Ocean nation Belize El_Salvador country Caribbean want execute business_relation competition competition look feel comprise want comprise	8	5	2	140	25	1	0
266227905753927680	RT @CasacasChapinas: 1. Naces 2.Creces 3.Tiembla 4.Lo tuiteas 5.Sales corriendo 6.Mueres. #TemblorGT animal_disease milk_sickness seasoning salt mineral hurry run	6	1	0	100	17	1	1
266236344672583681	Report: Strong quake off Guatemala is felt in Mexico City - http://t.co/fpjpvqES http://t.co/Y23hxGaF document report work work City Strong,_Arkansas geological_phenomenon earthquake geophysics energy natural_disaster geology phenomenon oscillation astronomy 2010_Haiti_earthquake geography feel national_capital Mexico_City City city_with_millions_of_inhabitants capital provincial_capital federal_district settlement City settlement	7	2	0	101	18	0	1
266233287037566976	@pentarojo: Fotografia de daños del sismo en Guatemala  en la cuidad de San Marcos foto cortesia de  Nixon Vazques http://t.co/MozlhUHB pictorial_representation photography photography Subcategory art science change damage person saint deity framework frame representation photograph work_of_art image flowering_plant Cortesia taxon	11	1	0	136	24	0	1
269158612742586369	TodoTiempo: #Temblorâ¨ M 2.5, 11km ENE of Lima, Montana http://t.co/TYS05ORh #Earthquake #Sismo https://twitter... http://t.co/IIYI295V compass_point east_northeast American_state Montana U.S._state film Earthquake_(film) Film_genre geological_phenomenon earthquake geophysics energy natural_disaster geology phenomenon oscillation astronomy 2010_Haiti_earthquake geography	15	0	0	139	22	3	0
266253604229369856	RT @ItsDileyJonas: RT si eres de Guatemala, El Salvador o Mexico y sentiste el temblor. network RT_(TV_network) television_station autonomous_non-commercial_organization channel network RT_(TV_network) television_station autonomous_non-commercial_organization channel be Central_American_country El_Salvador nation country republic Mexico North_American_country nation country look feel motion quiver	6	1	0	87	15	0	1
266541316723314689	RT @opusdei_es: Telegrama de #BenedictoXVI http://t.co/2Ho0Zoga por las víctimas del terremoto en #Guatemala message telegram unfortunate victim geological_phenomenon earthquake geophysics energy natural_disaster geology phenomenon oscillation astronomy 2010_Haiti_earthquake geography Central_American_country Guatemala Atlantic_Ocean nation Belize El_Salvador country Caribbean	8	0	0	109	17	2	1
